,어종,산지,규격,포장,수량,중량,낙찰고가,낙찰저가,평균가,일시
0,(선)굴,남해,중,S/P,5,2.0,"45,000","45,000","45,000",2021.01.02
1,(선)깐굴,통영,소,box,100,2.8,"32,000","30,000","30,700",2021.01.02
2,(선)깐굴,삼천포,소,box,37,1.8,"49,000","49,000","49,000",2021.01.02
3,(선)깐굴,삼천포,소,box,36,3.0,"38,700","38,300","38,500",2021.01.02
4,(선)깐굴,통영,소,box,278,1.9,"24,200","22,500","22,900",2021.01.02
5,(선)깐굴,남해,소,box,10,2.5,"40,000","40,000","40,000",2021.01.02
6,(선)깐굴,삼천포,소,box,117,2.0,"52,000","49,000","50,500",2021.01.02
7,(선)깐굴,남해,소,box,9,2.7,"36,200","36,200","36,200",2021.01.02
8,(선)깐굴,사천,소,box,37,3.0,"38,100","37,100","37,300",2021.01.02
9,(선)깐굴,통영,소,box,836,1.8,"26,000","21,100","22,700",2021.01.02
10,(선)깐굴,남해,소,box,80,2.1,"40,100","40,000","40,100",2021.01.02
11,(선)깐굴,사천,소,box,335,2.9,"37,600","35,100","36,800",2021.01.02
12,(선)깐굴,남해,소,box,8,2.9,"38,800","38,800","38,800",2021.01.02
13,(선)깐굴,삼천포,소,box,30,2.9,"38,800","38,800","38,800",2021.01.02
14,(선)깐굴,사천,소,box,81,2.0,"49,000","33,600","41,000",2021.01.02
15,(선)깐굴,삼천포,소,box,238,1.9,"48,000","44,000","45,300",2021.01.02
16,(선)깐굴,통영,중,box,5,2.0,"35,000","35,000","35,000",2021.01.02
17,(선)깐굴,남해,소,box,58,3.0,"39,000","37,600","38,100",2021.01.02
18,(활)바위굴,삼천포,중,망,5,10.0,"25,000","25,000","25,000",2021.01.02
19,(활)바위굴,삼천포,중,그물망,30,10.0,"20,200","20,200","20,200",2021.01.02
20,(활)바위굴,통영,중,S/P,5,10.0,"40,000","40,000","40,000",2021.01.02
0,(선)깐굴,통영,소,box,30,2.9,"33,000","33,000","33,000",2021.01.04
1,(선)깐굴,통영,소,box,50,2.8,"37,100","36,500","36,800",2021.01.04
2,(선)깐굴,통영,소,box,55,2.0,"22,500","20,900","21,300",2021.01.04
3,(선)깐굴,마산,소,box,10,1.9,"21,500","21,500","21,500",2021.01.04
4,(선)깐굴,남해,소,box,34,2.8,"35,000","35,000","35,000",2021.01.04
5,(선)깐굴,통영,소,box,872,1.9,"26,100","19,000","23,100",2021.01.04
6,(선)깐굴,삼천포,소,box,248,2.0,"32,000","26,000","28,800",2021.01.04
7,(선)깐굴,사천,소,box,50,3.0,"34,200","33,300","33,800",2021.01.04
8,(선)깐굴,여수,소,box,10,1.9,"17,200","17,200","17,200",2021.01.04
9,(선)깐굴,통영,소,box,602,1.8,"23,700","20,200","21,900",2021.01.04
10,(선)깐굴,사천,소,box,29,2.9,"34,000","34,000","34,000",2021.01.04
11,(선)깐굴,남해,소,box,251,2.9,"36,500","34,000","34,500",2021.01.04
12,(선)깐굴,마산,소,box,10,2.7,"29,800","29,800","29,800",2021.01.04
13,(선)깐굴,삼천포,소,box,63,2.9,"35,000","32,000","34,500",2021.01.04
14,(선)깐굴,사천,소,box,234,2.0,"25,500","24,100","24,500",2021.01.04
15,(선)깐굴,삼천포,소,box,196,1.9,"28,000","25,000","25,400",2021.01.04
16,(선)깐굴,삼천포,소,box,147,2.8,"35,200","33,100","34,200",2021.01.04
17,(선)깐굴,남해,소,box,41,3.0,"35,000","34,000","34,500",2021.01.04
18,(활)바위굴,통영,대,box,10,10.0,"9,000","9,000","9,000",2021.01.04
19,(활)바위굴,마산,대,box,37,10.0,"15,300","15,300","15,300",2021.01.04
20,(활)바위굴,여수,중,그물망,24,10.0,"16,000","8,300","10,000",2021.01.04
21,(활)바위굴,삼천포,대,box,45,10.0,"8,800","8,600","8,600",2021.01.04
22,(선)바위굴,마산,5단,box,30,10.0,"12,600","12,600","12,600",2021.01.04
23,(가공)봉굴,통영,대,box,5,10.0,"26,800","24,000","25,800",2021.01.04
0,(선)깐굴,사천,소,box,46,2.0,"25,100","25,100","25,100",2021.01.05
1,(선)깐굴,삼천포,중,box,173,2.8,"32,300","25,200","28,800",2021.01.05
2,(선)깐굴,남해,중,box,117,2.7,"35,000","25,000","31,200",2021.01.05
3,(선)깐굴,사천,소,box,29,2.7,"25,100","25,100","25,100",2021.01.05
4,(선)깐굴,남해,중,box,120,3.0,"24,200","22,700","23,500",2021.01.05
5,(선)깐굴,삼천포,중,box,85,1.9,"25,500","25,000","25,400",2021.01.05
6,(선)깐굴,통영,소,box,29,1.9,"23,300","23,300","23,300",2021.01.05
7,(선)깐굴,삼천포,중,box,83,3.0,"28,200","26,100","26,500",2021.01.05
8,(선)깐굴,삼천포,중,box,168,2.0,"28,000","22,300","26,500",2021.01.05
9,(선)깐굴,삼천포,중,box,60,2.9,"25,000","23,500","23,800",2021.01.05
10,(선)깐굴,통영,소,box,30,2.7,"28,500","27,700","28,100",2021.01.05
11,(선)깐굴,통영,소,box,50,1.8,"20,600","20,600","20,600",2021.01.05
12,(선)깐굴,통영,중,box,80,2.7,"30,000","30,000","30,000",2021.01.05
13,(선)깐굴,사천,소,box,142,2.9,"27,000","26,000","26,300",2021.01.05
14,(선)깐굴,통영,중,box,686,1.8,"23,600","20,600","21,400",2021.01.05
15,(선)깐굴,남해,중,box,164,2.9,"25,200","23,800","24,500",2021.01.05
16,(선)깐굴,통영,중,box,379,1.9,"27,000","20,100","22,600",2021.01.05
17,(선)깐굴,통영,중,box,40,2.9,"32,200","30,000","30,600",2021.01.05
18,(선)깐굴,남해,중,box,120,2.8,"30,000","24,500","25,800",2021.01.05
19,(활)바위굴,통영,대,box,30,10.0,"9,000","8,100","8,200",2021.01.05
20,(활)바위굴,삼천포,중,그물망,20,10.0,"9,300","8,500","8,900",2021.01.05
21,(활)바위굴,여수,중,그물망,16,10.0,"15,000","7,700","8,200",2021.01.05
22,(가공)봉굴,통영,중,box,5,10.0,"26,000","25,500","25,600",2021.01.05
0,(선)깐굴,통영,중,box,50,2.0,"20,200","20,000","20,200",2021.01.06
1,(선)깐굴,마산,중,box,10,2.7,"28,500","28,500","28,500",2021.01.06
2,(선)깐굴,삼천포,중,box,81,3.0,"23,000","22,300","22,400",2021.01.06
3,(선)깐굴,통영,중,box,35,2.8,"28,500","27,200","27,600",2021.01.06
4,(선)깐굴,삼천포,중,box,102,1.8,"25,500","25,500","25,500",2021.01.06
5,(선)깐굴,삼천포,중,box,155,2.8,"28,100","22,200","22,800",2021.01.06
6,(선)깐굴,남해,중,box,135,2.7,"32,200","23,200","28,700",2021.01.06
7,(선)깐굴,남해,중,box,87,3.0,"25,300","23,100","24,200",2021.01.06
8,(선)깐굴,여수,중,box,3,1.9,"13,800","13,800","13,800",2021.01.06
9,(선)깐굴,삼천포,중,box,131,2.0,"26,700","21,000","25,200",2021.01.06
10,(선)깐굴,사천,소,box,135,3.0,"23,800","23,000","23,600",2021.01.06
11,(선)깐굴,마산,중,box,3,1.9,"18,500","18,500","18,500",2021.01.06
12,(선)깐굴,통영,중,box,553,1.8,"20,500","17,200","18,300",2021.01.06
13,(선)깐굴,남해,중,box,151,2.9,"25,500","23,000","24,200",2021.01.06
14,(선)깐굴,통영,중,box,879,1.9,"26,700","18,200","20,900",2021.01.06
15,(선)깐굴,사천,소,box,26,2.0,"26,000","26,000","26,000",2021.01.06
16,(선)깐굴,남해,중,box,20,3.8,"28,100","28,100","28,100",2021.01.06
17,(선)깐굴,통영,중,box,39,1.7,"17,000","17,000","17,000",2021.01.06
18,(활)바위굴,통영,중,box,63,10.0,"12,000","10,000","10,900",2021.01.06
19,(활)바위굴,통영,중,그물망,10,10.0,"7,200","7,200","7,200",2021.01.06
20,(활)바위굴,삼천포,중,그물망,20,10.0,"8,200","8,200","8,200",2021.01.06
21,(활)바위굴,사천,중,그물망,5,10.0,"8,500","8,500","8,500",2021.01.06
22,(가공)봉굴,통영,중,box,5,10.0,"26,500","26,000","26,400",2021.01.06
0,(선)깐굴,사천,소,box,58,2.0,"26,100","20,700","24,500",2021.01.07
1,(선)깐굴,통영,중,box,661,1.9,"20,200","14,500","16,600",2021.01.07
2,(선)깐굴,남해,중,box,143,2.9,"25,200","22,000","23,700",2021.01.07
3,(선)깐굴,통영,중,box,563,1.8,"25,500","14,500","16,800",2021.01.07
4,(선)깐굴,사천,소,box,50,3.0,"22,300","22,300","22,300",2021.01.07
5,(선)깐굴,사천,소,box,60,2.8,"22,600","22,600","22,600",2021.01.07
6,(선)깐굴,삼천포,중,box,80,2.9,"22,200","21,700","21,800",2021.01.07
7,(선)깐굴,삼천포,중,box,21,3.0,"21,800","21,800","21,800",2021.01.07
8,(선)깐굴,삼천포,중,box,101,2.0,"24,600","24,000","24,500",2021.01.07
9,(선)깐굴,통영,중,box,50,2.8,"23,000","22,500","22,700",2021.01.07
10,(선)깐굴,삼천포,중,box,60,1.9,"24,000","24,000","24,000",2021.01.07
11,(선)깐굴,남해,중,box,73,3.0,"23,100","23,100","23,100",2021.01.07
12,(선)깐굴,남해,중,box,80,2.7,"22,200","22,000","22,100",2021.01.07
13,(선)깐굴,삼천포,중,box,45,2.8,"22,500","22,000","22,200",2021.01.07
14,(선)깐굴,남해,중,box,31,2.8,"33,300","33,300","33,300",2021.01.07
15,(활)바위굴,삼천포,중,그물망,20,10.0,"8,100","8,100","8,100",2021.01.07
16,(활)바위굴,통영,중,그물망,10,10.0,"9,200","7,100","8,200",2021.01.07
17,(활)바위굴,여수,중,그물망,1,10.0,"13,000","13,000","13,000",2021.01.07
18,(가공)봉굴,통영,중,box,5,10.0,"23,500","23,500","23,500",2021.01.07
0,(선)깐굴,사천,소,box,64,2.0,"21,000","20,300","20,500",2021.01.08
1,(선)깐굴,남해,소,box,160,2.8,"23,200","23,000","23,000",2021.01.08
2,(선)깐굴,삼천포,중,box,80,2.9,"21,200","21,000","21,100",2021.01.08
3,(선)깐굴,삼천포,중,box,11,3.0,"21,000","21,000","21,000",2021.01.08
4,(선)깐굴,통영,중,box,50,2.8,"24,000","23,000","23,200",2021.01.08
5,(선)깐굴,삼천포,중,box,60,2.8,"22,100","21,700","21,900",2021.01.08
6,(선)깐굴,삼천포,중,box,112,1.9,"22,500","20,000","21,900",2021.01.08
7,(선)깐굴,통영,소,box,20,1.9,"15,500","15,500","15,500",2021.01.08
8,(선)깐굴,삼천포,중,box,128,2.0,"23,500","22,700","22,800",2021.01.08
9,(선)깐굴,남해,소,box,30,2.7,"21,500","21,500","21,500",2021.01.08
10,(선)깐굴,사천,소,box,50,3.0,"22,200","22,000","22,100",2021.01.08
11,(선)깐굴,사천,소,box,80,2.9,"22,000","21,300","21,500",2021.01.08
12,(선)깐굴,남해,소,box,150,2.9,"21,800","18,800","20,700",2021.01.08
13,(선)깐굴,통영,중,box,183,1.8,"15,500","14,600","15,100",2021.01.08
14,(선)깐굴,통영,중,box,291,1.9,"23,000","14,500","16,900",2021.01.08
15,(활)바위굴,통영,중,그물망,10,10.0,"8,300","8,300","8,300",2021.01.08
16,(가공)봉굴,완도,8봉,box,1,16.0,"76,000","76,000","76,000",2021.01.08
17,(가공)봉굴,완도,10봉,box,1,20.0,"95,000","95,000","95,000",2021.01.08
18,(가공)봉굴,완도,5봉,box,1,12.0,"47,500","47,500","47,500",2021.01.08
0,(선)깐굴,사천,소,box,39,2.0,"17,500","16,600","16,900",2021.01.09
1,(선)깐굴,삼천포,중,box,44,2.9,"19,400","19,400","19,400",2021.01.09
2,(선)깐굴,삼천포,중,box,4,3.0,"18,800","18,800","18,800",2021.01.09
3,(선)깐굴,통영,중,box,29,2.8,"25,300","25,300","25,300",2021.01.09
4,(선)깐굴,남해,중,box,200,2.8,"27,500","18,100","19,200",2021.01.09
5,(선)깐굴,삼천포,중,box,150,2.8,"20,500","19,000","19,900",2021.01.09
6,(선)깐굴,남해,중,box,34,2.7,"17,600","17,600","17,600",2021.01.09
7,(선)깐굴,삼천포,중,box,71,1.9,"19,300","19,300","19,300",2021.01.09
8,(선)깐굴,삼천포,중,box,193,2.0,"21,500","19,000","20,100",2021.01.09
9,(선)깐굴,사천,소,box,70,2.8,"18,200","18,200","18,200",2021.01.09
10,(선)깐굴,사천,소,box,127,3.0,"20,300","20,300","20,300",2021.01.09
11,(선)깐굴,사천,소,box,79,2.9,"20,000","20,000","20,000",2021.01.09
12,(선)깐굴,통영,중,box,452,1.8,"20,100","13,000","16,800",2021.01.09
13,(선)깐굴,남해,중,box,83,2.9,"18,200","18,000","18,100",2021.01.09
14,(선)깐굴,통영,중,box,199,1.9,"17,600","15,000","16,400",2021.01.09
15,(선)깐굴,태안,중,box,10,1.8,"12,500","12,500","12,500",2021.01.09
16,(선)깐굴,통영,중,box,20,1.7,"15,000","15,000","15,000",2021.01.09
17,(활)바위굴,삼천포,중,그물망,20,10.0,"8,100","8,100","8,100",2021.01.09
18,(가공)봉굴,통영,중,box,4,10.0,"30,000","30,000","30,000",2021.01.09
0,(선)깐굴,통영,소,box,40,2.9,"23,000","22,600","22,700",2021.01.11
1,(선)깐굴,사천,소,box,13,2.0,"26,500","26,500","26,500",2021.01.11
2,(선)깐굴,통영,소,box,20,3.0,"22,500","21,800","22,200",2021.01.11
3,(선)깐굴,사천,소,box,202,2.9,"21,300","21,000","21,100",2021.01.11
4,(선)깐굴,통영,소,box,380,1.8,"18,800","15,600","17,100",2021.01.11
5,(선)깐굴,사천,소,box,61,3.0,"21,300","20,200","20,500",2021.01.11
6,(선)깐굴,사천,소,box,5,1.9,"19,800","19,800","19,800",2021.01.11
7,(선)깐굴,삼천포,소,box,126,2.0,"24,000","23,500","23,800",2021.01.11
8,(선)깐굴,통영,소,box,442,1.9,"22,200","15,200","17,800",2021.01.11
9,(선)깐굴,통영,소,box,50,1.7,"15,900","15,500","15,700",2021.01.11
10,(선)깐굴,삼천포,소,box,309,3.0,"21,600","16,500","19,300",2021.01.11
11,(선)깐굴,통영,소,box,50,2.8,"24,100","23,500","23,800",2021.01.11
12,(선)깐굴,남해,소,box,15,3.0,"19,300","19,300","19,300",2021.01.11
13,(활)바위굴,통영,중,그물망,15,10.0,"11,000","10,200","10,500",2021.01.11
14,(가공)봉굴,통영,대,box,5,10.0,"26,000","26,000","26,000",2021.01.11
0,(선)깐굴,통영,중,box,50,2.0,"17,000","17,000","17,000",2021.01.12
1,(선)깐굴,사천,소,box,17,2.0,"32,100","19,800","24,100",2021.01.12
2,(선)깐굴,통영,중,box,79,1.9,"17,000","16,500","16,700",2021.01.12
3,(선)깐굴,통영,중,box,714,1.8,"23,000","15,300","17,600",2021.01.12
4,(선)깐굴,사천,소,box,236,3.0,"24,200","23,500","23,900",2021.01.12
5,(선)깐굴,삼천포,중,box,74,2.0,"29,100","28,100","28,800",2021.01.12
6,(선)깐굴,통영,중,S/P,50,1.8,"16,000","15,500","15,800",2021.01.12
7,(선)깐굴,삼천포,중,box,63,1.9,"31,500","30,200","31,000",2021.01.12
8,(선)깐굴,삼천포,중,box,40,2.8,"35,200","22,500","24,100",2021.01.12
9,(선)깐굴,삼천포,중,box,39,1.8,"27,500","27,100","27,200",2021.01.12
10,(선)깐굴,통영,중,box,30,2.8,"24,300","24,300","24,300",2021.01.12
11,(선)깐굴,삼천포,중,box,32,2.9,"23,600","23,200","23,500",2021.01.12
12,(선)깐굴,통영,중,box,17,3.0,"21,800","21,800","21,800",2021.01.12
13,(가공)봉굴,통영,중,box,5,10.0,"26,000","25,000","25,200",2021.01.12
0,(선)깐굴,통영,중,box,50,2.0,"16,500","16,500","16,500",2021.01.13
1,(선)깐굴,삼천포,중,box,30,2.9,"18,600","18,600","18,600",2021.01.13
2,(선)깐굴,삼천포,중,box,47,1.8,"37,200","37,000","37,100",2021.01.13
3,(선)깐굴,남해,중,box,126,2.7,"26,100","21,200","22,900",2021.01.13
4,(선)깐굴,통영,소,box,5,1.9,"16,300","16,300","16,300",2021.01.13
5,(선)깐굴,삼천포,중,box,160,2.7,"40,500","21,700","23,700",2021.01.13
6,(선)깐굴,삼천포,중,box,65,2.0,"40,100","40,100","40,100",2021.01.13
7,(선)깐굴,통영,중,box,60,1.7,"16,600","16,500","16,600",2021.01.13
8,(선)깐굴,사천,소,box,170,2.8,"23,100","23,000","23,000",2021.01.13
9,(선)깐굴,사천,소,box,100,3.0,"22,500","22,500","22,500",2021.01.13
10,(선)깐굴,통영,중,box,745,1.8,"22,600","15,900","17,800",2021.01.13
11,(선)깐굴,남해,중,box,192,2.9,"23,400","21,000","23,000",2021.01.13
12,(선)깐굴,통영,중,box,100,1.9,"17,500","17,200","17,300",2021.01.13
13,(선)깐굴,통영,중,box,50,2.9,"25,000","24,000","24,400",2021.01.13
14,(선)깐굴,사천,소,box,20,2.0,"42,500","42,100","42,300",2021.01.13
15,(활)바위굴,통영,중,그물망,10,10.0,"7,700","7,700","7,700",2021.01.13
16,(활)바위굴,여수,중,그물망,15,10.0,"9,500","9,100","9,200",2021.01.13
17,(활)바위굴,마산,중,box,40,10.0,"8,600","8,600","8,600",2021.01.13
18,(가공)봉굴,통영,중,box,5,10.0,"27,500","27,000","27,100",2021.01.13
0,(선)깐굴,통영,중,box,90,2.0,"16,300","16,200","16,200",2021.01.14
1,(선)깐굴,삼천포,중,box,80,2.9,"22,000","21,300","21,500",2021.01.14
2,(선)깐굴,삼천포,중,box,269,3.0,"45,500","21,200","26,900",2021.01.14
3,(선)깐굴,남해,중,box,96,2.8,"21,600","21,000","21,300",2021.01.14
4,(선)깐굴,삼천포,중,box,10,2.8,"38,600","37,000","37,800",2021.01.14
5,(선)깐굴,남해,중,box,123,2.7,"45,000","21,000","34,300",2021.01.14
6,(선)깐굴,남해,중,box,267,3.0,"31,000","20,600","23,500",2021.01.14
7,(선)깐굴,삼천포,중,box,54,1.9,"43,200","43,000","43,000",2021.01.14
8,(선)깐굴,통영,중,box,60,1.7,"15,500","15,500","15,500",2021.01.14
9,(선)깐굴,마산,소,box,1,1.5,"15,000","15,000","15,000",2021.01.14
10,(선)깐굴,사천,소,box,297,3.0,"22,300","19,000","21,600",2021.01.14
11,(선)깐굴,통영,중,box,50,2.7,"24,600","24,300","24,400",2021.01.14
12,(선)깐굴,통영,중,box,861,1.8,"22,200","16,000","17,200",2021.01.14
13,(선)깐굴,통영,중,box,60,1.9,"17,200","17,200","17,200",2021.01.14
14,(선)깐굴,사천,소,box,19,2.0,"44,100","23,000","37,400",2021.01.14
15,(활)바위굴,통영,중,그물망,10,10.0,"12,200","12,000","12,100",2021.01.14
16,(가공)봉굴,통영,중,box,5,10.0,"28,000","27,100","27,500",2021.01.14
0,(선)깐굴,통영,중,box,90,2.0,"16,100","15,100","15,700",2021.01.15
1,(선)깐굴,삼천포,중,box,107,3.0,"22,000","20,300","20,600",2021.01.15
2,(선)깐굴,통영,중,box,20,2.8,"25,200","25,200","25,200",2021.01.15
3,(선)깐굴,남해,중,box,56,2.8,"25,000","25,000","25,000",2021.01.15
4,(선)깐굴,삼천포,중,box,140,2.8,"30,000","20,000","20,700",2021.01.15
5,(선)깐굴,남해,중,box,171,2.7,"23,200","20,000","22,000",2021.01.15
6,(선)깐굴,삼천포,중,box,71,1.9,"31,200","18,200","29,300",2021.01.15
7,(선)깐굴,삼천포,중,box,205,2.0,"32,500","31,500","32,000",2021.01.15
8,(선)깐굴,남해,중,box,44,2.5,"37,600","37,500","37,500",2021.01.15
9,(선)깐굴,삼천포,중,box,10,2.6,"28,000","28,000","28,000",2021.01.15
10,(선)깐굴,마산,소,box,5,1.9,"18,500","18,500","18,500",2021.01.15
11,(선)깐굴,사천,소,box,10,1.9,"22,000","22,000","22,000",2021.01.15
12,(선)깐굴,사천,소,box,175,3.0,"23,300","23,000","23,200",2021.01.15
13,(선)깐굴,사천,소,box,95,2.9,"20,200","20,000","20,200",2021.01.15
14,(선)깐굴,통영,중,box,"1,179",1.8,"23,100","15,500","17,100",2021.01.15
15,(선)깐굴,남해,중,box,104,2.9,"20,600","20,000","20,200",2021.01.15
16,(선)깐굴,통영,중,box,31,1.9,"19,500","19,500","19,500",2021.01.15
17,(선)깐굴,사천,소,box,119,2.0,"33,000","32,500","32,700",2021.01.15
18,(선)깐굴,삼천포,중,box,150,2.9,"20,900","20,800","20,900",2021.01.15
19,(활)바위굴,통영,중,그물망,10,10.0,"13,500","13,200","13,400",2021.01.15
20,(활)바위굴,여수,중,그물망,15,10.0,"12,000","12,000","12,000",2021.01.15
21,(가공)봉굴,통영,중,box,4,10.0,"28,100","27,000","27,300",2021.01.15
0,(선)깐굴,통영,중,box,248,2.0,"16,600","15,600","16,200",2021.01.16
1,(선)깐굴,사천,소,box,73,2.0,"28,000","25,000","25,800",2021.01.16
2,(선)깐굴,남해,중,box,250,2.9,"28,000","20,700","22,200",2021.01.16
3,(선)깐굴,통영,중,box,972,1.8,"20,000","15,600","17,100",2021.01.16
4,(선)깐굴,사천,소,box,155,2.9,"23,500","23,100","23,300",2021.01.16
5,(선)깐굴,통영,중,box,30,2.7,"25,600","25,200","25,300",2021.01.16
6,(선)깐굴,통영,소,box,46,1.8,"16,500","16,500","16,500",2021.01.16
7,(선)깐굴,사천,소,box,10,1.9,"18,500","18,500","18,500",2021.01.16
8,(선)깐굴,삼천포,중,box,200,2.9,"22,300","21,500","21,600",2021.01.16
9,(선)깐굴,삼천포,중,box,7,3.0,"22,000","22,000","22,000",2021.01.16
10,(선)깐굴,삼천포,중,box,328,2.0,"30,200","27,000","28,500",2021.01.16
11,(선)깐굴,마산,소,box,1,1.7,"16,000","16,000","16,000",2021.01.16
12,(선)깐굴,통영,소,box,13,1.9,"15,600","15,600","15,600",2021.01.16
13,(선)깐굴,삼천포,중,box,19,1.9,"30,000","30,000","30,000",2021.01.16
14,(선)깐굴,삼천포,중,box,200,2.8,"20,800","20,800","20,800",2021.01.16
15,(선)깐굴,남해,중,box,371,2.8,"31,200","19,000","23,500",2021.01.16
16,(활)바위굴,마산,중,box,18,10.0,"17,000","15,000","15,900",2021.01.16
17,(활)바위굴,여수,중,그물망,10,10.0,"14,000","14,000","14,000",2021.01.16
18,(가공)봉굴,통영,중,box,5,10.0,"28,800","28,800","28,800",2021.01.16
0,(선)깐굴,통영,소,box,50,2.9,"25,000","24,200","24,300",2021.01.18
1,(선)깐굴,통영,소,box,208,2.0,"16,700","15,800","16,300",2021.01.18
2,(선)깐굴,남해,소,box,29,2.8,"28,300","20,300","21,700",2021.01.18
3,(선)깐굴,삼천포,소,box,163,3.0,"27,000","21,500","22,200",2021.01.18
4,(선)깐굴,통영,소,box,579,1.9,"18,800","16,000","17,400",2021.01.18
5,(선)깐굴,삼천포,소,box,226,2.0,"25,000","23,600","24,200",2021.01.18
6,(선)깐굴,사천,소,box,10,1.9,"18,800","18,800","18,800",2021.01.18
7,(선)깐굴,사천,소,box,163,3.0,"23,400","22,600","23,300",2021.01.18
8,(선)깐굴,통영,소,box,503,1.8,"22,100","16,100","17,800",2021.01.18
9,(선)깐굴,사천,소,box,99,2.9,"22,100","21,000","21,300",2021.01.18
10,(선)깐굴,삼천포,소,box,130,2.9,"22,200","22,000","22,100",2021.01.18
11,(선)깐굴,사천,소,box,110,2.0,"22,800","22,500","22,700",2021.01.18
12,(선)깐굴,삼천포,소,box,90,1.9,"23,000","22,000","22,800",2021.01.18
13,(선)깐굴,남해,소,box,273,3.0,"31,500","18,300","23,100",2021.01.18
14,(활)바위굴,통영,중,그물망,10,10.0,"9,300","9,300","9,300",2021.01.18
15,(활)바위굴,삼천포,중,그물망,17,10.0,"10,000","8,600","9,000",2021.01.18
16,(활)바위굴,마산,대,box,42,10.0,"12,000","10,100","11,300",2021.01.18
17,(활)바위굴,여수,중,그물망,25,10.0,"9,100","8,100","8,200",2021.01.18
18,(가공)봉굴,통영,대,box,5,10.0,"28,000","27,800","28,000",2021.01.18
0,(선)깐굴,통영,중,box,324,2.0,"18,500","15,100","16,600",2021.01.19
1,(선)깐굴,삼천포,중,box,357,3.0,"21,000","20,000","20,500",2021.01.19
2,(선)깐굴,남해,중,box,264,3.0,"21,000","18,600","19,600",2021.01.19
3,(선)깐굴,삼천포,중,box,60,1.9,"23,000","22,500","22,700",2021.01.19
4,(선)깐굴,삼천포,중,box,141,2.0,"27,100","20,500","24,700",2021.01.19
5,(선)깐굴,통영,중,box,40,3.0,"24,800","22,500","23,800",2021.01.19
6,(선)깐굴,사천,소,box,145,3.0,"21,800","21,100","21,600",2021.01.19
7,(선)깐굴,통영,중,box,218,1.8,"22,000","15,800","18,300",2021.01.19
8,(선)깐굴,남해,중,box,134,2.9,"31,500","20,500","26,200",2021.01.19
9,(선)깐굴,통영,중,box,487,1.9,"18,000","16,000","16,600",2021.01.19
10,(선)깐굴,사천,소,box,48,2.0,"26,500","18,900","22,200",2021.01.19
11,(활)바위굴,통영,중,그물망,10,10.0,"7,700","7,700","7,700",2021.01.19
12,(활)바위굴,삼천포,중,그물망,10,10.0,"8,500","8,200","8,400",2021.01.19
13,(활)바위굴,여수,중,그물망,10,10.0,"7,700","7,700","7,700",2021.01.19
14,(활)바위굴,마산,중,box,20,10.0,"8,300","8,300","8,300",2021.01.19
15,(가공)봉굴,통영,중,box,5,10.0,"27,500","27,500","27,500",2021.01.19
0,(선)깐굴,통영,중,box,324,2.0,"16,500","15,000","15,600",2021.01.20
1,(선)깐굴,삼천포,중,box,100,2.9,"19,300","19,300","19,300",2021.01.20
2,(선)깐굴,삼천포,중,box,69,3.0,"20,600","19,600","20,500",2021.01.20
3,(선)깐굴,남해,중,box,19,2.8,"17,000","17,000","17,000",2021.01.20
4,(선)깐굴,삼천포,중,box,90,2.8,"21,100","20,000","20,200",2021.01.20
5,(선)깐굴,남해,중,box,41,2.7,"22,500","22,500","22,500",2021.01.20
6,(선)깐굴,남해,중,box,30,3.0,"21,100","21,100","21,100",2021.01.20
7,(선)깐굴,통영,소,box,34,1.9,"19,000","16,000","17,800",2021.01.20
8,(선)깐굴,삼천포,중,box,234,2.0,"26,200","16,100","24,700",2021.01.20
9,(선)깐굴,사천,소,box,150,3.0,"21,300","20,800","20,900",2021.01.20
10,(선)깐굴,통영,중,box,321,1.8,"23,000","15,100","18,600",2021.01.20
11,(선)깐굴,남해,중,box,164,2.9,"32,000","19,000","24,400",2021.01.20
12,(선)깐굴,통영,중,box,199,1.9,"17,000","14,000","15,700",2021.01.20
13,(선)깐굴,사천,소,box,36,2.0,"25,100","17,500","21,700",2021.01.20
14,(선)깐굴,통영,중,box,30,3.0,"23,300","23,000","23,100",2021.01.20
15,(활)바위굴,사천,중,그물망,70,10.0,"6,000","3,600","4,400",2021.01.20
16,(활)바위굴,여수,중,그물망,10,10.0,"5,600","5,600","5,600",2021.01.20
17,(가공)봉굴,통영,중,box,5,10.0,"30,000","30,000","30,000",2021.01.20
0,(선)깐굴,통영,중,box,279,2.0,"16,600","16,000","16,200",2021.01.21
1,(선)깐굴,삼천포,중,box,100,2.9,"22,000","21,700","21,800",2021.01.21
2,(선)깐굴,삼천포,중,box,165,3.0,"21,300","20,500","21,000",2021.01.21
3,(선)깐굴,남해,중,box,324,2.8,"21,100","18,000","19,600",2021.01.21
4,(선)깐굴,삼천포,중,box,17,2.8,"23,000","23,000","23,000",2021.01.21
5,(선)깐굴,남해,중,box,19,2.7,"19,200","19,200","19,200",2021.01.21
6,(선)깐굴,남해,중,box,62,3.0,"19,600","19,100","19,200",2021.01.21
7,(선)깐굴,삼천포,중,box,69,1.9,"25,000","23,000","23,900",2021.01.21
8,(선)깐굴,통영,소,box,28,1.9,"19,000","16,300","18,700",2021.01.21
9,(선)깐굴,삼천포,중,box,108,2.0,"26,200","25,600","25,900",2021.01.21
10,(선)깐굴,사천,소,box,26,3.0,"21,700","21,700","21,700",2021.01.21
11,(선)깐굴,사천,소,box,130,2.9,"21,800","21,000","21,400",2021.01.21
12,(선)깐굴,통영,중,box,275,1.8,"16,800","15,900","16,300",2021.01.21
13,(선)깐굴,남해,중,box,50,2.9,"32,600","32,600","32,600",2021.01.21
14,(선)깐굴,통영,중,box,270,1.9,"23,000","16,200","18,600",2021.01.21
15,(선)깐굴,사천,소,box,57,2.0,"23,500","18,600","22,200",2021.01.21
16,(선)깐굴,통영,중,box,50,1.7,"16,300","15,600","16,200",2021.01.21
17,(가공)봉굴,통영,중,box,5,10.0,"28,100","28,000","28,000",2021.01.21
0,(선)깐굴,사천,소,box,61,2.0,"25,000","17,500","21,700",2021.01.22
1,(선)깐굴,삼천포,중,box,170,3.0,"22,300","21,200","22,100",2021.01.22
2,(선)깐굴,삼천포,중,box,100,2.8,"22,100","22,000","22,000",2021.01.22
3,(선)깐굴,남해,중,box,290,2.7,"33,800","19,100","23,700",2021.01.22
4,(선)깐굴,남해,중,box,94,3.0,"22,700","19,200","20,800",2021.01.22
5,(선)깐굴,삼천포,중,box,52,1.9,"24,300","16,100","19,900",2021.01.22
6,(선)깐굴,삼천포,중,box,161,2.0,"27,100","22,500","25,900",2021.01.22
7,(선)깐굴,통영,중,box,46,1.7,"16,200","16,200","16,200",2021.01.22
8,(선)깐굴,사천,소,box,132,2.8,"23,800","21,200","22,900",2021.01.22
9,(선)깐굴,사천,소,box,70,3.0,"23,500","22,300","23,200",2021.01.22
10,(선)깐굴,통영,소,box,20,1.8,"16,700","16,700","16,700",2021.01.22
11,(선)깐굴,통영,중,box,580,1.8,"21,100","15,900","17,500",2021.01.22
12,(선)깐굴,남해,중,box,50,2.9,"21,600","21,600","21,600",2021.01.22
13,(선)깐굴,통영,중,box,310,1.9,"18,500","15,600","16,900",2021.01.22
14,(활)바위굴,여수,중,그물망,10,10.0,"13,000","9,000","10,300",2021.01.22
15,(가공)봉굴,통영,중,box,4,10.0,"29,500","29,000","29,400",2021.01.22
0,(선)깐굴,통영,중,box,180,2.0,"21,000","15,700","18,400",2021.01.23
1,(선)깐굴,사천,소,box,49,2.0,"23,500","14,500","20,700",2021.01.23
2,(선)깐굴,통영,중,box,9,2.9,"23,600","23,000","23,300",2021.01.23
3,(선)깐굴,통영,중,box,528,1.9,"16,800","15,000","15,600",2021.01.23
4,(선)깐굴,남해,중,box,32,2.9,"18,500","18,500","18,500",2021.01.23
5,(선)깐굴,통영,중,box,350,1.8,"18,000","15,300","16,800",2021.01.23
6,(선)깐굴,사천,소,box,221,2.9,"21,500","17,000","20,700",2021.01.23
7,(선)깐굴,태안,소,box,15,1.5,"10,200","10,200","10,200",2021.01.23
8,(선)깐굴,사천,소,box,240,3.0,"19,500","16,200","17,800",2021.01.23
9,(선)깐굴,삼천포,중,box,283,3.0,"20,300","18,700","19,000",2021.01.23
10,(선)깐굴,남해,중,box,230,2.8,"30,500","19,000","25,400",2021.01.23
11,(선)깐굴,삼천포,중,box,284,2.0,"26,000","15,000","23,200",2021.01.23
12,(선)깐굴,남해,중,box,170,2.7,"18,000","17,000","17,200",2021.01.23
13,(선)깐굴,태안,소,box,10,1.7,"10,000","10,000","10,000",2021.01.23
14,(선)깐굴,삼천포,중,box,38,1.9,"24,000","22,000","22,700",2021.01.23
15,(선)깐굴,남해,중,box,38,3.0,"19,000","19,000","19,000",2021.01.23
16,(활)바위굴,삼천포,중,그물망,24,10.0,"9,000","9,000","9,000",2021.01.23
17,(활)바위굴,통영,중,그물망,10,10.0,"10,000","10,000","10,000",2021.01.23
18,(활)바위굴,여수,중,그물망,10,10.0,"9,000","8,500","8,800",2021.01.23
19,(가공)봉굴,통영,중,box,5,10.0,"30,000","30,000","30,000",2021.01.23
0,(선)깐굴,삼천포,소,box,23,2.8,"19,600","19,500","19,500",2021.01.25
1,(선)깐굴,남해,소,box,96,2.8,"19,000","18,500","18,700",2021.01.25
2,(선)깐굴,삼천포,소,box,116,1.8,"23,000","21,500","22,100",2021.01.25
3,(선)깐굴,삼천포,소,box,2,3.0,"19,600","19,600","19,600",2021.01.25
4,(선)깐굴,남해,소,box,5,2.6,"26,100","26,100","26,100",2021.01.25
5,(선)깐굴,통영,소,box,12,1.7,"16,000","15,100","15,800",2021.01.25
6,(선)깐굴,통영,소,box,456,1.9,"23,100","16,200","17,900",2021.01.25
7,(선)깐굴,남해,소,box,206,3.0,"30,500","18,200","26,300",2021.01.25
8,(선)깐굴,삼천포,소,box,224,2.0,"28,300","15,100","25,200",2021.01.25
9,(선)깐굴,사천,소,box,150,3.0,"20,000","19,400","19,600",2021.01.25
10,(선)깐굴,통영,소,box,525,1.8,"20,000","15,300","16,500",2021.01.25
11,(선)깐굴,사천,소,box,177,2.9,"19,600","19,100","19,300",2021.01.25
12,(선)깐굴,남해,소,box,52,2.9,"18,500","18,300","18,400",2021.01.25
13,(선)깐굴,삼천포,소,box,330,2.9,"20,000","18,600","19,000",2021.01.25
14,(선)깐굴,사천,소,box,45,2.0,"23,800","13,800","20,400",2021.01.25
15,(활)바위굴,마산,중,그물망,22,10.0,"11,000","10,200","10,700",2021.01.25
16,(활)바위굴,완도,중,그물망,106,10.0,"3,500","3,100","3,200",2021.01.25
17,(가공)봉굴,통영,대,box,4,10.0,"26,100","26,000","26,000",2021.01.25
0,(선)깐굴,사천,소,box,40,2.0,"27,000","15,100","23,100",2021.01.26
1,(선)깐굴,통영,중,box,557,1.9,"21,500","15,000","16,600",2021.01.26
2,(선)깐굴,남해,중,box,81,2.9,"20,200","19,200","19,800",2021.01.26
3,(선)깐굴,통영,중,box,459,1.8,"17,700","13,500","15,600",2021.01.26
4,(선)깐굴,사천,소,box,166,3.0,"21,300","18,500","20,400",2021.01.26
5,(선)깐굴,삼천포,중,box,135,2.0,"30,100","15,000","27,500",2021.01.26
6,(선)깐굴,삼천포,중,box,20,1.9,"29,000","28,000","28,100",2021.01.26
7,(선)깐굴,태안,소,box,5,1.8,"11,000","11,000","11,000",2021.01.26
8,(선)깐굴,남해,중,box,119,2.8,"32,600","19,500","28,300",2021.01.26
9,(선)깐굴,통영,중,box,35,2.8,"22,500","22,500","22,500",2021.01.26
10,(선)깐굴,삼천포,중,box,66,3.0,"19,300","17,100","19,100",2021.01.26
11,(선)깐굴,삼천포,중,box,185,2.9,"19,200","19,100","19,100",2021.01.26
12,(활)바위굴,마산,중,box,11,10.0,"10,500","10,000","10,100",2021.01.26
13,(가공)봉굴,통영,중,box,5,10.0,"22,100","22,100","22,100",2021.01.26
0,(선)깐굴,통영,중,box,80,2.0,"13,600","13,300","13,400",2021.01.27
1,(선)깐굴,삼천포,중,box,10,3.0,"18,000","18,000","18,000",2021.01.27
2,(선)깐굴,여수,중,box,10,1.8,"8,100","8,100","8,100",2021.01.27
3,(선)깐굴,통영,중,box,80,2.8,"20,300","19,000","19,600",2021.01.27
4,(선)깐굴,남해,중,box,105,2.8,"33,500","17,800","27,700",2021.01.27
5,(선)깐굴,남해,중,box,62,2.7,"18,000","16,800","17,000",2021.01.27
6,(선)깐굴,남해,중,box,30,3.0,"18,200","18,200","18,200",2021.01.27
7,(선)깐굴,삼천포,중,box,89,1.9,"22,000","20,000","20,300",2021.01.27
8,(선)깐굴,삼천포,중,box,117,2.0,"28,100","14,000","26,600",2021.01.27
9,(선)깐굴,사천,소,box,127,3.0,"20,800","15,000","20,500",2021.01.27
10,(선)깐굴,통영,중,box,30,2.7,"21,000","21,000","21,000",2021.01.27
11,(선)깐굴,사천,소,box,75,2.9,"20,600","17,500","18,600",2021.01.27
12,(선)깐굴,통영,중,box,528,1.8,"20,000","13,000","14,900",2021.01.27
13,(선)깐굴,남해,중,box,43,2.9,"17,700","17,300","17,400",2021.01.27
14,(선)깐굴,통영,중,box,405,1.9,"16,000","13,200","15,100",2021.01.27
15,(선)깐굴,사천,소,box,64,2.0,"24,500","14,200","22,900",2021.01.27
16,(선)깐굴,삼천포,중,box,230,2.9,"19,300","17,800","18,600",2021.01.27
0,(선)깐굴,사천,소,box,78,2.0,"24,800","16,000","22,200",2021.01.28
1,(선)깐굴,통영,중,box,380,1.9,"22,700","14,200","17,000",2021.01.28
2,(선)깐굴,통영,중,box,451,1.8,"17,100","13,100","15,300",2021.01.28
3,(선)깐굴,사천,소,box,68,2.9,"20,000","20,000","20,000",2021.01.28
4,(선)깐굴,사천,소,box,84,3.0,"22,200","21,000","21,700",2021.01.28
5,(선)깐굴,삼천포,중,box,163,2.0,"28,500","15,200","25,000",2021.01.28
6,(선)깐굴,남해,중,box,48,2.7,"22,000","18,300","19,800",2021.01.28
7,(선)깐굴,삼천포,중,box,56,1.8,"22,600","22,000","22,100",2021.01.28
8,(선)깐굴,남해,중,box,81,2.8,"34,300","34,000","34,100",2021.01.28
9,(선)깐굴,통영,중,box,34,2.8,"22,300","20,800","21,000",2021.01.28
10,(선)깐굴,삼천포,중,box,16,3.0,"20,000","19,600","19,900",2021.01.28
11,(선)깐굴,삼천포,중,box,300,2.9,"21,100","20,000","20,800",2021.01.28
12,(활)바위굴,마산,중,box,11,10.0,"15,500","13,500","14,400",2021.01.28
13,(가공)봉굴,통영,중,box,4,10.0,"27,700","25,000","26,200",2021.01.28
0,(선)깐굴,통영,중,box,110,2.0,"16,200","15,600","15,800",2021.01.29
1,(선)깐굴,사천,소,box,55,2.0,"26,000","26,000","26,000",2021.01.29
2,(선)깐굴,통영,중,box,230,1.9,"17,200","15,100","16,500",2021.01.29
3,(선)깐굴,남해,중,box,34,2.9,"20,800","20,800","20,800",2021.01.29
4,(선)깐굴,통영,중,box,543,1.8,"22,000","15,300","17,400",2021.01.29
5,(선)깐굴,사천,소,box,220,2.9,"24,000","20,700","22,600",2021.01.29
6,(선)깐굴,통영,소,box,40,1.8,"16,600","16,300","16,500",2021.01.29
7,(선)깐굴,사천,소,box,31,3.0,"21,100","17,200","20,600",2021.01.29
8,(선)깐굴,사천,소,box,15,1.9,"16,300","16,300","16,300",2021.01.29
9,(선)깐굴,삼천포,중,box,340,2.9,"21,600","21,000","21,200",2021.01.29
10,(선)깐굴,삼천포,중,box,67,3.0,"20,300","20,200","20,200",2021.01.29
11,(선)깐굴,삼천포,중,box,88,2.0,"28,100","27,100","27,600",2021.01.29
12,(선)깐굴,삼천포,중,box,171,1.9,"23,000","21,000","21,500",2021.01.29
13,(선)깐굴,남해,중,box,30,3.0,"22,000","22,000","22,000",2021.01.29
14,(선)깐굴,남해,중,box,92,2.7,"35,000","22,000","29,900",2021.01.29
15,(선)깐굴,통영,중,box,20,2.8,"22,000","21,500","21,600",2021.01.29
16,(활)바위굴,마산,중,box,11,10.0,"16,000","16,000","16,000",2021.01.29
17,(활)바위굴,여수,중,그물망,10,10.0,"15,000","15,000","15,000",2021.01.29
18,(가공)봉굴,통영,중,box,5,10.0,"27,500","22,000","25,000",2021.01.29
0,(선)깐굴,통영,중,box,78,2.0,"13,500","13,500","13,500",2021.01.30
1,(선)깐굴,통영,소,box,7,2.0,"18,200","18,200","18,200",2021.01.30
2,(선)깐굴,삼천포,중,box,270,2.9,"22,200","20,000","20,800",2021.01.30
3,(선)깐굴,통영,중,box,20,2.8,"21,000","19,500","19,900",2021.01.30
4,(선)깐굴,남해,중,box,68,2.8,"35,000","35,000","35,000",2021.01.30
5,(선)깐굴,삼천포,중,box,97,1.8,"22,800","14,000","19,500",2021.01.30
6,(선)깐굴,남해,중,box,40,2.7,"21,500","21,500","21,500",2021.01.30
7,(선)깐굴,삼천포,중,box,94,1.9,"26,000","23,500","24,800",2021.01.30
8,(선)깐굴,삼천포,중,box,83,2.0,"28,000","14,500","25,600",2021.01.30
9,(선)깐굴,사천,소,box,36,1.9,"25,500","25,500","25,500",2021.01.30
10,(선)깐굴,사천,소,box,63,3.0,"21,100","21,100","21,100",2021.01.30
11,(선)깐굴,사천,소,box,163,2.9,"21,500","15,500","19,800",2021.01.30
12,(선)깐굴,통영,중,box,437,1.8,"18,500","13,600","15,800",2021.01.30
13,(선)깐굴,통영,중,box,505,1.9,"17,000","12,800","15,300",2021.01.30
14,(선)깐굴,사천,소,box,15,2.0,"14,600","14,600","14,600",2021.01.30
15,(선)깐굴,남해,소,box,32,3.0,"22,300","22,300","22,300",2021.01.30
16,(활)바위굴,여수,중,그물망,15,10.0,"13,000","13,000","13,000",2021.01.30
17,(가공)봉굴,통영,중,box,8,10.0,"27,100","27,000","27,000",2021.01.30
0,(선)깐굴,삼천포,소,box,77,1.9,"25,100","23,100","24,200",2021.02.01
1,(선)깐굴,남해,소,box,65,3.0,"28,000","17,100","18,400",2021.02.01
2,(선)깐굴,통영,소,box,99,2.0,"16,000","14,500","15,300",2021.02.01
3,(선)깐굴,삼천포,소,box,86,3.0,"21,100","19,300","20,600",2021.02.01
4,(선)깐굴,삼천포,소,box,60,1.7,"26,000","23,200","24,500",2021.02.01
5,(선)깐굴,통영,소,box,65,1.7,"14,200","12,700","13,300",2021.02.01
6,(선)깐굴,통영,소,box,158,1.9,"16,300","13,700","15,500",2021.02.01
7,(선)깐굴,삼천포,소,box,134,2.0,"30,000","29,000","29,400",2021.02.01
8,(선)깐굴,남해,소,box,40,2.7,"21,500","21,500","21,500",2021.02.01
9,(선)깐굴,사천,소,box,136,2.8,"21,500","20,800","21,100",2021.02.01
10,(선)깐굴,사천,소,box,35,1.9,"26,000","26,000","26,000",2021.02.01
11,(선)깐굴,사천,소,box,130,3.0,"21,300","21,200","21,300",2021.02.01
12,(선)깐굴,통영,소,box,30,2.7,"19,300","19,300","19,300",2021.02.01
13,(선)깐굴,통영,소,box,528,1.8,"23,100","12,000","16,500",2021.02.01
14,(선)깐굴,사천,소,box,50,2.9,"20,300","20,300","20,300",2021.02.01
15,(선)깐굴,남해,소,box,56,2.9,"36,000","34,000","35,200",2021.02.01
16,(선)깐굴,삼천포,소,box,60,2.9,"21,200","21,200","21,200",2021.02.01
17,(선)깐굴,사천,소,box,20,2.0,"14,600","14,600","14,600",2021.02.01
18,(선)깐굴,삼천포,소,box,78,3.2,"13,200","13,200","13,200",2021.02.01
19,(활)바위굴,남해,중,그물망,8,10.0,"14,000","14,000","14,000",2021.02.01
20,(활)바위굴,마산,대,그물망,4,10.0,"10,200","10,200","10,200",2021.02.01
21,(활)바위굴,여수,중,그물망,15,10.0,"6,700","6,700","6,700",2021.02.01
22,(가공)봉굴,통영,대,box,5,10.0,"26,500","26,500","26,500",2021.02.01
0,(선)깐굴,통영,중,box,112,2.0,"16,000","14,800","15,300",2021.02.02
1,(선)깐굴,삼천포,중,box,137,3.0,"22,500","21,700","22,100",2021.02.02
2,(선)깐굴,통영,중,box,30,2.8,"22,000","21,000","21,600",2021.02.02
3,(선)깐굴,남해,중,box,37,2.8,"22,500","22,500","22,500",2021.02.02
4,(선)깐굴,남해,중,box,70,3.0,"22,300","17,100","21,500",2021.02.02
5,(선)깐굴,삼천포,중,box,142,1.9,"22,300","18,000","19,900",2021.02.02
6,(선)깐굴,통영,중,S/P,310,1.8,"20,000","13,500","16,300",2021.02.02
7,(선)깐굴,삼천포,중,box,116,2.0,"27,200","26,600","26,800",2021.02.02
8,(선)깐굴,통영,중,S/P,50,2.0,"12,600","12,600","12,600",2021.02.02
9,(선)깐굴,사천,소,box,50,3.0,"23,100","23,100","23,100",2021.02.02
10,(선)깐굴,사천,소,box,47,3.5,"23,000","23,000","23,000",2021.02.02
11,(선)깐굴,사천,소,box,43,2.9,"22,500","22,000","22,300",2021.02.02
12,(선)깐굴,통영,중,box,216,1.8,"16,000","13,000","14,900",2021.02.02
13,(선)깐굴,남해,중,box,60,2.9,"35,000","34,500","34,800",2021.02.02
14,(선)깐굴,통영,중,box,190,1.9,"16,000","14,300","14,900",2021.02.02
15,(선)깐굴,통영,중,S/P,75,1.9,"15,300","15,000","15,100",2021.02.02
16,(선)깐굴,삼천포,중,box,120,2.9,"23,100","22,200","22,300",2021.02.02
17,(가공)봉굴,통영,중,S/P,5,10.0,"27,500","27,000","27,100",2021.02.02
0,(선)깐굴,통영,중,box,100,2.0,"16,800","16,500","16,600",2021.02.03
1,(선)깐굴,통영,중,box,204,1.9,"18,600","16,000","17,700",2021.02.03
2,(선)깐굴,통영,중,box,301,1.8,"16,200","14,900","15,700",2021.02.03
3,(선)깐굴,사천,소,box,150,3.0,"27,000","25,000","25,300",2021.02.03
4,(선)깐굴,사천,소,box,11,1.9,"26,500","26,500","26,500",2021.02.03
5,(선)깐굴,삼천포,중,box,160,2.0,"28,000","24,000","26,400",2021.02.03
6,(선)깐굴,삼천포,중,box,114,1.9,"22,800","22,500","22,500",2021.02.03
7,(선)깐굴,남해,중,box,60,3.0,"38,000","23,300","28,900",2021.02.03
8,(선)깐굴,통영,중,box,30,2.8,"23,000","22,500","22,800",2021.02.03
9,(선)깐굴,삼천포,중,box,3,3.0,"23,200","23,200","23,200",2021.02.03
10,(선)깐굴,삼천포,중,box,260,2.9,"24,000","23,500","23,700",2021.02.03
11,(가공)봉굴,통영,중,box,3,10.0,"26,000","26,000","26,000",2021.02.03
0,(선)깐굴,삼천포,소,box,130,2.9,"24,200","24,200","24,200",2021.02.04
1,(선)깐굴,남해,소,box,42,2.9,"24,200","24,200","24,200",2021.02.04
2,(선)깐굴,사천,소,box,343,2.9,"25,600","23,600","25,100",2021.02.04
3,(선)깐굴,통영,소,box,658,1.8,"18,600","15,600","16,700",2021.02.04
4,(선)깐굴,사천,소,box,13,1.9,"28,600","28,600","28,600",2021.02.04
5,(선)깐굴,통영,소,box,30,2.6,"24,000","24,000","24,000",2021.02.04
6,(선)깐굴,남해,소,box,70,2.7,"37,000","24,600","32,200",2021.02.04
7,(선)깐굴,삼천포,소,box,129,2.0,"30,000","28,300","29,000",2021.02.04
8,(선)깐굴,통영,소,box,331,1.9,"21,500","17,000","18,000",2021.02.04
9,(선)깐굴,삼천포,소,box,100,2.7,"23,500","23,100","23,200",2021.02.04
10,(선)깐굴,삼천포,소,box,2,3.0,"23,200","23,200","23,200",2021.02.04
11,(선)깐굴,삼천포,소,box,145,1.8,"27,200","25,000","25,900",2021.02.04
12,(선)깐굴,남해,소,box,20,2.8,"25,600","25,000","25,300",2021.02.04
13,(가공)봉굴,통영,대,box,8,10.0,"28,500","25,500","26,400",2021.02.04
0,(선)깐굴,통영,중,box,343,1.9,"17,000","15,700","16,100",2021.02.05
1,(선)깐굴,삼천포,중,box,204,2.9,"23,500","23,300","23,400",2021.02.05
2,(선)깐굴,삼천포,중,box,6,3.0,"21,600","21,600","21,600",2021.02.05
3,(선)깐굴,통영,중,box,20,2.8,"23,500","23,500","23,500",2021.02.05
4,(선)깐굴,남해,중,box,130,2.8,"24,000","22,000","22,800",2021.02.05
5,(선)깐굴,삼천포,중,box,200,2.8,"23,500","22,800","23,000",2021.02.05
6,(선)깐굴,남해,중,box,5,2.7,"27,200","27,200","27,200",2021.02.05
7,(선)깐굴,남해,중,box,70,3.0,"23,000","22,800","22,800",2021.02.05
8,(선)깐굴,통영,소,box,20,1.7,"15,500","15,100","15,200",2021.02.05
9,(선)깐굴,삼천포,중,box,71,1.9,"27,600","27,600","27,600",2021.02.05
10,(선)깐굴,삼천포,중,box,164,2.0,"31,000","26,500","28,900",2021.02.05
11,(선)깐굴,사천,소,box,116,2.8,"23,000","21,900","22,400",2021.02.05
12,(선)깐굴,사천,소,box,16,1.9,"32,500","32,500","32,500",2021.02.05
13,(선)깐굴,사천,소,box,280,3.0,"24,300","24,000","24,300",2021.02.05
14,(선)깐굴,통영,중,box,50,2.7,"22,500","22,500","22,500",2021.02.05
15,(선)깐굴,사천,소,box,84,2.9,"24,100","24,100","24,100",2021.02.05
16,(선)깐굴,통영,중,box,740,1.8,"21,600","15,800","17,300",2021.02.05
17,(선)깐굴,통영,중,box,43,1.7,"16,000","16,000","16,000",2021.02.05
18,(활)바위굴,여수,중,그물망,10,10.0,"13,500","13,000","13,100",2021.02.05
19,(가공)봉굴,통영,중,box,5,10.0,"27,500","23,000","24,500",2021.02.05
0,(선)깐굴,통영,중,box,277,1.9,"19,000","18,100","18,500",2021.02.06
1,(선)깐굴,삼천포,중,box,12,3.0,"23,000","23,000","23,000",2021.02.06
2,(선)깐굴,삼천포,중,box,46,1.8,"33,000","32,500","32,900",2021.02.06
3,(선)깐굴,삼천포,중,box,220,2.8,"24,300","24,000","24,200",2021.02.06
4,(선)깐굴,남해,중,box,84,2.7,"24,100","23,500","23,600",2021.02.06
5,(선)깐굴,남해,중,box,118,3.0,"22,100","22,000","22,000",2021.02.06
6,(선)깐굴,삼천포,중,box,107,1.9,"37,200","35,000","35,500",2021.02.06
7,(선)깐굴,통영,소,box,60,1.9,"17,000","17,000","17,000",2021.02.06
8,(선)깐굴,삼천포,중,box,250,2.7,"24,100","23,800","23,900",2021.02.06
9,(선)깐굴,삼천포,중,box,80,2.0,"36,500","36,500","36,500",2021.02.06
10,(선)깐굴,사천,소,box,21,1.9,"40,000","40,000","40,000",2021.02.06
11,(선)깐굴,사천,소,box,399,3.0,"23,000","19,600","21,100",2021.02.06
12,(선)깐굴,통영,중,box,30,2.7,"25,300","25,300","25,300",2021.02.06
13,(선)깐굴,사천,소,box,93,2.9,"23,000","22,100","22,400",2021.02.06
14,(선)깐굴,통영,중,box,406,1.8,"22,500","17,200","19,000",2021.02.06
15,(선)깐굴,통영,중,box,50,1.7,"17,700","17,500","17,500",2021.02.06
16,(활)바위굴,마산,중,그물망,60,10.0,"9,000","8,600","8,800",2021.02.06
17,(활)바위굴,여수,중,그물망,10,10.0,"7,000","7,000","7,000",2021.02.06
18,(가공)봉굴,통영,중,box,5,10.0,"25,200","18,800","20,100",2021.02.06
0,(선)깐굴,통영,소,box,30,2.9,"24,600","24,600","24,600",2021.02.08
1,(선)깐굴,통영,소,box,57,2.8,"24,500","23,500","23,800",2021.02.08
2,(선)깐굴,남해,소,box,60,2.8,"21,200","21,200","21,200",2021.02.08
3,(선)깐굴,삼천포,소,box,250,3.0,"22,600","22,100","22,400",2021.02.08
4,(선)깐굴,남해,소,box,46,2.6,"35,000","35,000","35,000",2021.02.08
5,(선)깐굴,여수,소,box,20,2.0,"15,900","15,900","15,900",2021.02.08
6,(선)깐굴,통영,소,box,171,1.7,"17,400","16,100","16,800",2021.02.08
7,(선)깐굴,삼천포,소,box,249,2.7,"22,600","22,500","22,500",2021.02.08
8,(선)깐굴,통영,소,box,652,1.9,"18,200","16,500","17,300",2021.02.08
9,(선)깐굴,삼천포,소,box,135,2.0,"46,500","46,500","46,500",2021.02.08
10,(선)깐굴,남해,소,box,23,2.7,"26,500","26,000","26,200",2021.02.08
11,(선)깐굴,사천,소,box,468,3.0,"24,000","21,200","22,300",2021.02.08
12,(선)깐굴,여수,소,box,15,1.9,"15,200","15,200","15,200",2021.02.08
13,(선)깐굴,통영,소,box,724,1.8,"23,500","16,200","18,200",2021.02.08
14,(선)깐굴,사천,소,box,27,2.0,"40,100","40,100","40,100",2021.02.08
15,(선)깐굴,삼천포,소,box,153,1.9,"45,100","40,500","42,500",2021.02.08
16,(선)깐굴,남해,소,box,51,3.0,"23,500","23,500","23,500",2021.02.08
17,(활)바위굴,여수,중,그물망,3,10.0,"17,000","17,000","17,000",2021.02.08
18,(가공)봉굴,통영,대,box,5,10.0,"25,000","24,000","24,200",2021.02.08
0,(선)깐굴,통영,중,box,418,2.0,"18,000","16,800","17,500",2021.02.09
1,(선)깐굴,삼천포,중,box,458,3.0,"22,500","21,300","22,000",2021.02.09
2,(선)깐굴,삼천포,중,box,47,1.8,"41,000","39,000","40,000",2021.02.09
3,(선)깐굴,남해,중,box,15,2.7,"24,000","24,000","24,000",2021.02.09
4,(선)깐굴,여수,소,box,21,2.0,"12,100","12,100","12,100",2021.02.09
5,(선)깐굴,남해,중,box,102,3.0,"23,000","21,000","21,900",2021.02.09
6,(선)깐굴,삼천포,중,box,95,1.9,"40,000","39,000","39,100",2021.02.09
7,(선)깐굴,통영,중,S/P,45,1.8,"21,100","16,500","18,500",2021.02.09
8,(선)깐굴,통영,소,box,70,1.9,"16,000","15,800","15,800",2021.02.09
9,(선)깐굴,삼천포,중,box,154,2.0,"43,500","28,600","41,500",2021.02.09
10,(선)깐굴,남해,소,box,27,3.0,"21,500","21,500","21,500",2021.02.09
11,(선)깐굴,통영,중,S/P,35,1.7,"15,800","15,500","15,600",2021.02.09
12,(선)깐굴,사천,소,box,304,3.0,"22,500","21,200","21,400",2021.02.09
13,(선)깐굴,여수,소,box,9,1.9,"10,000","10,000","10,000",2021.02.09
14,(선)깐굴,통영,소,box,26,1.8,"17,200","17,200","17,200",2021.02.09
15,(선)깐굴,통영,중,box,706,1.8,"24,500","15,600","17,400",2021.02.09
16,(선)깐굴,통영,중,box,112,1.9,"15,900","15,900","15,900",2021.02.09
17,(선)깐굴,통영,중,box,15,2.9,"23,000","23,000","23,000",2021.02.09
18,(선)깐굴,사천,소,box,23,2.0,"42,200","42,200","42,200",2021.02.09
19,(선)깐굴,통영,중,S/P,100,1.9,"17,000","16,500","16,700",2021.02.09
20,(활)바위굴,여수,중,그물망,10,10.0,"15,000","15,000","15,000",2021.02.09
21,(가공)봉굴,통영,중,S/P,5,10.0,"27,500","26,000","26,600",2021.02.09
0,(선)깐굴,통영,중,box,104,2.0,"25,000","15,800","16,100",2021.02.10
1,(선)깐굴,통영,중,box,55,1.7,"17,500","15,000","16,800",2021.02.10
2,(선)깐굴,통영,소,box,30,2.8,"18,500","18,500","18,500",2021.02.10
3,(선)깐굴,삼천포,중,box,470,2.9,"17,500","17,000","17,200",2021.02.10
4,(선)깐굴,삼천포,중,box,6,3.0,"18,800","18,800","18,800",2021.02.10
5,(선)깐굴,남해,중,box,100,2.8,"18,000","18,000","18,000",2021.02.10
6,(선)깐굴,삼천포,중,box,86,1.8,"34,000","32,000","33,000",2021.02.10
7,(선)깐굴,남해,중,box,13,2.7,"25,000","25,000","25,000",2021.02.10
8,(선)깐굴,삼천포,중,box,108,1.9,"34,000","33,000","33,100",2021.02.10
9,(선)깐굴,삼천포,중,box,110,2.0,"38,200","37,500","37,900",2021.02.10
10,(선)깐굴,통영,3봉,box,13,2.4,"14,000","14,000","14,000",2021.02.10
11,(선)깐굴,통영,중,box,18,3.0,"21,000","21,000","21,000",2021.02.10
12,(선)깐굴,마산,중,box,4,1.7,"11,000","11,000","11,000",2021.02.10
13,(선)깐굴,통영,중,S/P,36,2.0,"17,600","17,600","17,600",2021.02.10
14,(선)깐굴,통영,중,S/P,50,1.7,"16,300","14,200","15,000",2021.02.10
15,(선)깐굴,사천,소,box,44,1.9,"35,100","34,500","34,800",2021.02.10
16,(선)깐굴,사천,소,box,237,3.0,"16,800","16,600","16,600",2021.02.10
17,(선)깐굴,통영,소,box,85,2.7,"20,000","20,000","20,000",2021.02.10
18,(선)깐굴,통영,소,box,30,1.8,"13,200","13,200","13,200",2021.02.10
19,(선)깐굴,사천,소,box,248,2.9,"19,500","16,500","18,200",2021.02.10
20,(선)깐굴,통영,중,box,764,1.8,"20,600","14,500","16,800",2021.02.10
21,(선)깐굴,통영,중,box,527,1.9,"17,600","15,500","17,000",2021.02.10
22,(선)깐굴,사천,소,box,28,2.0,"22,000","22,000","22,000",2021.02.10
23,(활)바위굴,여수,중,그물망,10,10.0,"16,000","16,000","16,000",2021.02.10
24,(가공)봉굴,통영,중,box,4,10.0,"27,500","27,500","27,500",2021.02.10
0,(선)깐굴,통영,중,box,3,2.0,"18,000","18,000","18,000",2021.02.11
1,(선)깐굴,사천,소,box,100,2.0,"19,200","19,000","19,100",2021.02.11
2,(선)깐굴,통영,중,box,16,1.9,"14,200","14,200","14,200",2021.02.11
3,(선)깐굴,통영,중,box,50,1.8,"18,600","18,000","18,200",2021.02.11
4,(선)깐굴,사천,소,box,255,3.0,"28,300","24,000","26,200",2021.02.11
5,(선)깐굴,통영,소,box,50,1.9,"15,500","15,500","15,500",2021.02.11
6,(선)깐굴,삼천포,중,box,174,1.9,"37,000","18,500","23,700",2021.02.11
7,(선)깐굴,남해,중,box,84,3.0,"25,000","25,000","25,000",2021.02.11
8,(선)깐굴,삼천포,중,box,82,1.8,"25,000","21,000","22,500",2021.02.11
9,(선)깐굴,삼천포,중,box,70,2.9,"23,200","23,000","23,100",2021.02.11
10,(선)깐굴,통영,중,box,25,1.7,"16,200","16,200","16,200",2021.02.11
11,(선)깐굴,통영,중,box,15,3.0,"16,500","16,500","16,500",2021.02.11
12,(활)바위굴,여수,중,그물망,15,10.0,"15,500","15,500","15,500",2021.02.11
0,(선)깐굴,통영,소,box,20,2.9,"19,000","19,000","19,000",2021.02.15
1,(선)깐굴,삼천포,소,box,71,2.8,"25,500","23,500","24,200",2021.02.15
2,(선)깐굴,사천,소,box,20,2.0,"41,000","40,000","40,400",2021.02.15
3,(선)깐굴,남해,소,box,57,2.9,"25,600","22,200","24,100",2021.02.15
4,(선)깐굴,사천,소,box,71,2.9,"21,000","20,000","20,400",2021.02.15
5,(선)깐굴,통영,소,box,792,1.8,"19,500","10,000","15,100",2021.02.15
6,(선)깐굴,통영,소,box,50,2.7,"18,200","18,200","18,200",2021.02.15
7,(선)깐굴,사천,소,box,76,3.0,"23,200","23,000","23,100",2021.02.15
8,(선)깐굴,통영,소,box,946,1.9,"18,200","12,000","15,400",2021.02.15
9,(선)깐굴,마산,소,box,30,1.8,"15,500","15,500","15,500",2021.02.15
10,(선)깐굴,삼천포,소,box,38,1.8,"41,100","36,500","38,100",2021.02.15
11,(선)깐굴,마산,소,box,50,1.9,"12,100","12,000","12,100",2021.02.15
12,(가공)봉굴,통영,대,box,9,10.0,"26,500","20,300","21,600",2021.02.15
0,(선)깐굴,통영,중,box,34,2.0,"12,000","11,000","11,300",2021.02.16
1,(선)깐굴,사천,소,box,30,2.0,"23,100","23,000","23,000",2021.02.16
2,(선)깐굴,통영,중,box,406,1.9,"21,200","12,000","14,900",2021.02.16
3,(선)깐굴,남해,중,box,37,2.9,"25,500","13,200","18,900",2021.02.16
4,(선)깐굴,통영,중,box,559,1.8,"16,600","10,500","14,000",2021.02.16
5,(선)깐굴,마산,중,box,60,1.9,"6,000","6,000","6,000",2021.02.16
6,(선)깐굴,삼천포,중,box,67,2.0,"30,100","30,000","30,000",2021.02.16
7,(선)깐굴,삼천포,중,box,2,2.7,"18,800","18,800","18,800",2021.02.16
8,(선)깐굴,삼천포,중,box,188,1.9,"25,000","17,000","21,900",2021.02.16
9,(선)깐굴,삼천포,중,box,59,2.8,"31,000","25,000","26,500",2021.02.16
10,(활)바위굴,여수,중,그물망,15,10.0,"16,600","16,600","16,600",2021.02.16
11,(가공)봉굴,통영,중,box,5,10.0,"25,000","22,000","24,000",2021.02.16
0,(선)깐굴,마산,중,box,19,2.9,"14,200","14,200","14,200",2021.02.17
1,(선)깐굴,통영,중,box,238,1.9,"18,000","15,500","16,900",2021.02.17
2,(선)깐굴,통영,중,box,274,1.8,"19,100","15,000","17,000",2021.02.17
3,(선)깐굴,사천,소,box,58,2.9,"25,000","25,000","25,000",2021.02.17
4,(선)깐굴,통영,중,S/P,21,2.9,"23,600","23,600","23,600",2021.02.17
5,(선)깐굴,사천,소,box,20,3.0,"25,600","25,600","25,600",2021.02.17
6,(선)깐굴,사천,소,box,55,1.9,"22,000","21,500","21,700",2021.02.17
7,(선)깐굴,삼천포,중,box,89,2.9,"25,500","15,000","25,100",2021.02.17
8,(선)깐굴,삼천포,중,box,5,2.6,"28,900","28,900","28,900",2021.02.17
9,(선)깐굴,통영,3봉,S/P,22,2.7,"13,200","13,200","13,200",2021.02.17
10,(선)깐굴,삼천포,중,box,101,2.0,"26,600","14,600","24,900",2021.02.17
11,(선)깐굴,삼천포,중,box,114,1.9,"20,100","19,000","19,800",2021.02.17
12,(선)깐굴,남해,중,box,16,2.7,"25,000","25,000","25,000",2021.02.17
13,(선)깐굴,삼천포,중,box,7,3.0,"21,200","21,200","21,200",2021.02.17
14,(활)바위굴,여수,중,그물망,20,10.0,"10,000","9,300","9,700",2021.02.17
15,(가공)봉굴,통영,중,box,5,10.0,"25,500","20,200","21,300",2021.02.17
0,(선)깐굴,사천,소,box,45,2.0,"23,000","22,300","22,500",2021.02.18
1,(선)깐굴,통영,중,box,496,1.9,"19,800","13,100","16,600",2021.02.18
2,(선)깐굴,통영,중,box,241,1.8,"18,800","15,100","16,500",2021.02.18
3,(선)깐굴,사천,소,box,50,2.9,"24,800","24,500","24,600",2021.02.18
4,(선)깐굴,통영,소,box,50,1.8,"15,700","15,600","15,600",2021.02.18
5,(선)깐굴,통영,소,box,20,2.7,"25,000","25,000","25,000",2021.02.18
6,(선)깐굴,사천,소,box,95,2.8,"22,800","22,700","22,800",2021.02.18
7,(선)깐굴,삼천포,중,box,96,2.0,"22,000","20,000","20,700",2021.02.18
8,(선)깐굴,삼천포,중,box,226,1.9,"21,000","14,000","18,000",2021.02.18
9,(선)깐굴,남해,중,box,40,2.8,"23,200","23,000","23,000",2021.02.18
10,(선)깐굴,삼천포,중,box,154,2.9,"23,200","18,000","22,400",2021.02.18
11,(가공)봉굴,통영,중,box,5,10.0,"22,200","22,000","22,000",2021.02.18
0,(선)깐굴,통영,중,S/P,129,1.9,"20,000","15,200","18,100",2021.02.19
1,(선)깐굴,사천,소,box,70,2.0,"22,100","21,200","21,500",2021.02.19
2,(선)깐굴,통영,중,box,284,1.9,"17,000","16,000","16,300",2021.02.19
3,(선)깐굴,통영,중,box,213,1.8,"16,500","15,200","15,600",2021.02.19
4,(선)깐굴,사천,소,box,79,2.9,"25,500","25,000","25,200",2021.02.19
5,(선)깐굴,사천,소,box,37,2.8,"23,000","23,000","23,000",2021.02.19
6,(선)깐굴,삼천포,중,box,56,2.0,"22,500","22,500","22,500",2021.02.19
7,(선)깐굴,통영,중,S/P,122,1.8,"17,700","14,300","15,900",2021.02.19
8,(선)깐굴,삼천포,중,box,187,1.9,"20,000","17,000","18,300",2021.02.19
9,(선)깐굴,삼천포,중,box,186,2.8,"24,200","22,700","22,900",2021.02.19
10,(선)깐굴,남해,중,box,34,2.8,"23,600","23,100","23,200",2021.02.19
11,(선)깐굴,통영,중,box,30,2.8,"25,300","25,300","25,300",2021.02.19
12,(활)바위굴,여수,중,그물망,15,10.0,"11,500","11,000","11,100",2021.02.19
0,(선)깐굴,통영,중,box,427,1.9,"20,500","15,100","16,500",2021.02.20
1,(선)깐굴,통영,중,box,376,1.8,"19,100","15,000","16,400",2021.02.20
2,(선)깐굴,통영,중,box,25,2.7,"25,300","25,300","25,300",2021.02.20
3,(선)깐굴,사천,소,box,43,2.8,"27,000","27,000","27,000",2021.02.20
4,(선)깐굴,사천,중,box,147,2.9,"26,300","25,500","25,900",2021.02.20
5,(선)깐굴,삼천포,중,box,94,2.0,"22,000","21,300","21,500",2021.02.20
6,(선)깐굴,삼천포,중,box,195,1.9,"20,000","14,000","17,400",2021.02.20
7,(선)깐굴,사천,중,box,70,2.0,"23,800","23,000","23,400",2021.02.20
8,(선)깐굴,삼천포,중,box,203,2.8,"23,800","23,500","23,600",2021.02.20
9,(선)깐굴,남해,중,box,30,2.8,"23,600","23,600","23,600",2021.02.20
10,(선)깐굴,삼천포,중,box,18,3.0,"21,600","21,600","21,600",2021.02.20
11,(활)바위굴,여수,중,그물망,15,10.0,"11,200","11,000","11,000",2021.02.20
12,(가공)봉굴,통영,중,box,5,10.0,"22,000","20,200","20,900",2021.02.20
0,(선)깐굴,사천,소,box,38,2.0,"25,000","25,000","25,000",2021.02.22
1,(선)깐굴,삼천포,소,box,308,2.9,"23,000","21,600","22,300",2021.02.22
2,(선)깐굴,사천,소,box,24,2.9,"24,000","24,000","24,000",2021.02.22
3,(선)깐굴,통영,소,box,721,1.8,"18,900","15,000","16,300",2021.02.22
4,(선)깐굴,사천,소,box,89,3.0,"27,000","24,500","25,300",2021.02.22
5,(선)깐굴,화성,소,box,28,1.8,"14,600","14,600","14,600",2021.02.22
6,(선)깐굴,남해,소,box,75,2.7,"29,100","26,500","27,400",2021.02.22
7,(선)깐굴,삼천포,소,box,92,2.0,"26,600","25,100","25,600",2021.02.22
8,(선)깐굴,통영,소,box,100,1.9,"17,000","16,300","16,500",2021.02.22
9,(선)깐굴,삼천포,소,box,15,3.0,"20,300","19,600","19,800",2021.02.22
10,(선)깐굴,삼천포,소,box,93,1.8,"24,000","21,500","22,300",2021.02.22
11,(선)깐굴,통영,소,box,60,2.0,"20,000","20,000","20,000",2021.02.22
12,(활)바위굴,마산,대,box,5,10.0,"13,100","13,100","13,100",2021.02.22
13,(활)바위굴,여수,중,그물망,15,10.0,"8,000","8,000","8,000",2021.02.22
0,(선)깐굴,사천,소,box,35,2.0,"26,600","26,200","26,400",2021.02.23
1,(선)깐굴,통영,중,box,180,1.9,"20,300","15,500","18,000",2021.02.23
2,(선)깐굴,통영,중,box,376,1.8,"19,300","14,000","16,300",2021.02.23
3,(선)깐굴,사천,소,box,85,2.9,"24,700","24,500","24,500",2021.02.23
4,(선)깐굴,통영,소,box,30,1.8,"17,000","16,500","16,600",2021.02.23
5,(선)깐굴,통영,소,box,5,2.7,"20,500","20,500","20,500",2021.02.23
6,(선)깐굴,사천,소,box,40,3.0,"25,800","25,800","25,800",2021.02.23
7,(선)깐굴,삼천포,중,box,25,2.0,"27,500","27,500","27,500",2021.02.23
8,(선)깐굴,삼천포,중,box,238,2.8,"22,000","19,800","20,900",2021.02.23
9,(선)깐굴,삼천포,중,box,78,1.8,"24,000","22,000","22,800",2021.02.23
10,(선)깐굴,남해,중,box,75,2.8,"25,200","24,000","24,600",2021.02.23
11,(선)깐굴,삼천포,중,box,10,3.0,"22,000","22,000","22,000",2021.02.23
12,(선)깐굴,통영,중,box,27,1.7,"16,600","16,600","16,600",2021.02.23
13,(활)바위굴,여수,중,그물망,10,10.0,"11,000","11,000","11,000",2021.02.23
14,(가공)봉굴,통영,중,box,5,10.0,"25,100","25,000","25,000",2021.02.23
0,(선)깐굴,삼천포,소,box,63,1.9,"17,000","15,000","16,700",2021.02.24
1,(선)깐굴,여수,소,box,22,1.8,"9,100","9,100","9,100",2021.02.24
2,(선)깐굴,남해,소,box,74,2.8,"24,600","24,600","24,600",2021.02.24
3,(선)깐굴,삼천포,소,box,63,1.8,"18,500","18,000","18,200",2021.02.24
4,(선)깐굴,삼천포,소,box,6,3.0,"19,100","19,100","19,100",2021.02.24
5,(선)깐굴,통영,소,box,50,1.9,"16,700","15,800","16,300",2021.02.24
6,(선)깐굴,마산,소,box,1,2.0,"13,000","13,000","13,000",2021.02.24
7,(선)깐굴,삼천포,소,box,65,2.0,"19,100","19,100","19,100",2021.02.24
8,(선)깐굴,사천,소,box,50,2.8,"25,500","25,000","25,300",2021.02.24
9,(선)깐굴,통영,소,box,495,1.8,"20,600","15,000","17,100",2021.02.24
10,(선)깐굴,사천,소,box,90,2.9,"23,000","21,800","22,100",2021.02.24
11,(선)깐굴,삼천포,소,box,290,2.9,"20,000","18,500","19,200",2021.02.24
12,(선)깐굴,사천,소,box,55,2.0,"24,200","23,500","23,700",2021.02.24
13,(선)깐굴,통영,소,box,102,2.0,"17,300","16,000","16,900",2021.02.24
14,(활)바위굴,여수,대,망,10,10.0,"11,000","8,000","8,600",2021.02.24
15,(가공)봉굴,통영,대,box,5,10.0,"24,200","22,700","23,900",2021.02.24
0,(선)깐굴,삼천포,소,box,280,2.8,"19,200","17,000","17,400",2021.02.25
1,(선)깐굴,삼천포,소,box,33,1.9,"16,500","16,500","16,500",2021.02.25
2,(선)깐굴,여수,소,box,20,1.7,"10,000","9,000","9,500",2021.02.25
3,(선)깐굴,통영,소,box,270,1.8,"19,600","15,000","16,200",2021.02.25
4,(선)깐굴,사천,소,box,148,3.0,"21,000","16,700","18,900",2021.02.25
5,(선)깐굴,사천,소,box,55,1.9,"22,100","21,500","21,700",2021.02.25
6,(선)깐굴,사천,소,box,51,2.8,"22,000","21,700","21,800",2021.02.25
7,(선)깐굴,삼천포,소,box,124,2.0,"18,000","12,100","16,300",2021.02.25
8,(선)깐굴,통영,소,box,252,1.9,"17,000","12,800","14,500",2021.02.25
9,(선)깐굴,삼천포,소,box,76,3.0,"17,500","16,600","17,300",2021.02.25
10,(선)깐굴,남해,소,box,75,2.8,"21,600","21,600","21,600",2021.02.25
11,(선)깐굴,통영,소,box,234,2.0,"20,000","13,100","16,000",2021.02.25
12,(가공)봉굴,통영,대,box,5,10.0,"23,500","20,300","21,400",2021.02.25
0,(선)깐굴,삼천포,소,box,280,2.8,"16,600","16,000","16,100",2021.02.26
1,(선)깐굴,남해,소,box,50,2.8,"21,100","21,100","21,100",2021.02.26
2,(선)깐굴,삼천포,소,box,50,1.8,"18,000","17,500","17,600",2021.02.26
3,(선)깐굴,삼천포,소,box,38,3.0,"17,100","17,100","17,100",2021.02.26
4,(선)깐굴,사천,소,box,48,3.2,"16,100","16,100","16,100",2021.02.26
5,(선)깐굴,통영,소,box,50,1.7,"14,500","14,500","14,500",2021.02.26
6,(선)깐굴,통영,소,box,210,1.9,"20,500","14,000","16,000",2021.02.26
7,(선)깐굴,사천,소,box,100,2.8,"20,500","18,500","19,800",2021.02.26
8,(선)깐굴,통영,소,box,296,1.8,"18,200","12,600","15,400",2021.02.26
9,(선)깐굴,사천,소,box,59,2.9,"16,000","16,000","16,000",2021.02.26
10,(선)깐굴,여수,소,box,18,1.7,"8,100","8,100","8,100",2021.02.26
11,(선)깐굴,통영,소,box,19,3.0,"13,500","13,500","13,500",2021.02.26
12,(선)깐굴,사천,소,box,75,2.0,"25,500","24,000","24,700",2021.02.26
13,(선)깐굴,삼천포,소,box,42,1.9,"19,000","16,500","17,800",2021.02.26
14,(선)깐굴,통영,소,box,30,2.0,"15,000","14,500","14,800",2021.02.26
15,(활)바위굴,여수,중,그물망,10,10.0,"11,000","10,500","10,900",2021.02.26
16,(가공)봉굴,통영,대,box,5,10.0,"24,200","24,200","24,200",2021.02.26
0,(선)깐굴,삼천포,소,box,27,1.9,"17,200","17,000","17,200",2021.02.27
1,(선)깐굴,남해,소,box,100,2.8,"20,200","19,500","19,600",2021.02.27
2,(선)깐굴,삼천포,소,box,66,1.8,"20,000","17,100","18,100",2021.02.27
3,(선)깐굴,삼천포,소,box,4,3.0,"13,500","13,500","13,500",2021.02.27
4,(선)깐굴,마산,소,box,1,1.8,"9,800","9,800","9,800",2021.02.27
5,(선)깐굴,삼천포,소,box,72,2.7,"17,500","17,500","17,500",2021.02.27
6,(선)깐굴,통영,소,box,178,1.9,"15,000","13,000","14,100",2021.02.27
7,(선)깐굴,삼천포,소,box,35,2.0,"19,500","13,500","17,800",2021.02.27
8,(선)깐굴,통영,소,box,80,2.0,"17,100","16,800","16,900",2021.02.27
9,(선)깐굴,사천,소,box,36,1.9,"29,000","28,200","28,400",2021.02.27
10,(선)깐굴,사천,소,box,3,3.0,"13,500","13,500","13,500",2021.02.27
11,(선)깐굴,여수,소,box,8,3.0,"7,200","7,200","7,200",2021.02.27
12,(선)깐굴,통영,소,box,359,1.8,"14,700","11,300","13,900",2021.02.27
13,(선)깐굴,사천,소,box,66,2.9,"18,100","18,100","18,100",2021.02.27
14,(선)깐굴,삼천포,소,box,192,2.9,"18,000","15,500","16,500",2021.02.27
15,(선)깐굴,통영,소,box,15,3.0,"7,200","7,200","7,200",2021.02.27
16,(활)바위굴,여수,대,망,5,10.0,"13,000","13,000","13,000",2021.02.27
17,(가공)봉굴,통영,대,box,5,10.0,"25,500","24,100","24,700",2021.02.27
0,(선)깐굴,삼천포,소,box,84,1.9,"16,000","14,000","14,900",2021.03.01
1,(선)깐굴,사천,소,box,59,2.0,"18,600","16,700","17,700",2021.03.01
2,(선)깐굴,삼천포,소,box,100,2.9,"16,200","16,200","16,200",2021.03.01
3,(선)깐굴,사천,소,box,60,2.9,"17,500","17,500","17,500",2021.03.01
4,(선)깐굴,통영,소,box,275,1.8,"18,500","12,500","15,100",2021.03.01
5,(선)깐굴,삼천포,소,box,75,2.0,"18,000","11,100","16,600",2021.03.01
6,(선)깐굴,통영,소,box,134,1.9,"18,000","13,500","15,200",2021.03.01
7,(선)깐굴,삼천포,소,box,109,3.0,"18,000","14,500","17,300",2021.03.01
8,(선)깐굴,남해,소,box,75,2.8,"17,700","17,500","17,600",2021.03.01
9,(선)깐굴,통영,소,box,63,2.0,"20,000","14,300","14,800",2021.03.01
10,(활)바위굴,여수,대,망,10,10.0,"14,000","14,000","14,000",2021.03.01
11,(가공)봉굴,통영,대,box,3,10.0,"24,300","24,300","24,300",2021.03.01
0,(선)깐굴,삼천포,소,box,66,2.8,"16,700","16,600","16,600",2021.03.02
1,(선)깐굴,사천,소,box,61,2.0,"18,800","14,000","15,800",2021.03.02
2,(선)깐굴,통영,소,box,275,1.8,"18,000","11,500","14,200",2021.03.02
3,(선)깐굴,여수,소,box,15,1.9,"7,800","7,800","7,800",2021.03.02
4,(선)깐굴,삼천포,소,box,70,2.0,"8,200","8,200","8,200",2021.03.02
5,(선)깐굴,통영,소,box,172,1.9,"13,600","12,500","12,800",2021.03.02
6,(선)깐굴,통영,소,box,29,1.7,"20,000","20,000","20,000",2021.03.02
7,(선)깐굴,삼천포,소,box,96,3.0,"18,000","13,300","16,000",2021.03.02
8,(선)깐굴,사천,소,box,49,2.7,"18,000","17,500","17,600",2021.03.02
9,(선)깐굴,삼천포,소,box,66,1.8,"17,000","12,000","14,300",2021.03.02
10,(선)깐굴,남해,소,box,44,2.8,"19,300","19,200","19,300",2021.03.02
11,(활)바위굴,여수,중,그물망,10,10.0,"12,600","12,600","12,600",2021.03.02
12,(가공)봉굴,통영,대,box,3,10.0,"28,000","27,000","27,500",2021.03.02
0,(선)깐굴,삼천포,소,box,42,2.8,"18,600","15,000","18,000",2021.03.03
1,(선)깐굴,삼천포,소,box,36,1.9,"10,000","10,000","10,000",2021.03.03
2,(선)깐굴,사천,소,box,60,2.0,"8,500","8,200","8,300",2021.03.03
3,(선)깐굴,삼천포,소,box,30,2.9,"17,500","17,500","17,500",2021.03.03
4,(선)깐굴,사천,소,box,7,2.9,"11,000","11,000","11,000",2021.03.03
5,(선)깐굴,통영,소,box,148,1.8,"13,800","11,000","12,300",2021.03.03
6,(선)깐굴,사천,소,box,30,3.0,"18,200","18,000","18,100",2021.03.03
7,(선)깐굴,삼천포,소,box,109,2.0,"11,000","7,200","8,200",2021.03.03
8,(선)깐굴,통영,소,box,258,1.9,"20,000","12,300","16,000",2021.03.03
9,(선)깐굴,삼천포,소,box,82,3.0,"20,000","9,200","14,000",2021.03.03
10,(선)깐굴,여수,소,box,16,1.8,"8,200","8,200","8,200",2021.03.03
11,(선)깐굴,마산,소,box,1,3.0,"10,000","10,000","10,000",2021.03.03
12,(활)바위굴,여수,대,망,10,10.0,"5,000","5,000","5,000",2021.03.03
13,(가공)봉굴,통영,대,box,3,10.0,"26,100","26,100","26,100",2021.03.03
0,(선)깐굴,통영,소,box,180,1.8,"19,800","12,000","15,400",2021.03.04
1,(선)깐굴,사천,소,box,20,3.0,"22,500","22,500","22,500",2021.03.04
2,(선)깐굴,사천,소,box,65,1.9,"11,200","11,000","11,100",2021.03.04
3,(선)깐굴,삼천포,소,box,24,2.0,"10,100","10,100","10,100",2021.03.04
4,(선)깐굴,통영,소,box,152,1.9,"15,600","12,200","12,900",2021.03.04
5,(선)깐굴,삼천포,소,box,25,2.7,"23,500","23,300","23,400",2021.03.04
6,(선)깐굴,여수,소,box,15,2.0,"10,000","10,000","10,000",2021.03.04
7,(선)깐굴,삼천포,소,box,30,3.0,"13,000","13,000","13,000",2021.03.04
8,(선)깐굴,삼천포,소,box,98,1.8,"12,000","11,000","11,100",2021.03.04
9,(가공)봉굴,통영,대,box,3,10.0,"26,100","26,100","26,100",2021.03.04
0,(선)깐굴,사천,소,box,50,2.0,"17,200","17,000","17,100",2021.03.05
1,(선)깐굴,삼천포,소,box,40,2.9,"25,700","25,500","25,600",2021.03.05
2,(선)깐굴,사천,소,box,28,2.9,"26,500","26,000","26,200",2021.03.05
3,(선)깐굴,통영,소,box,143,1.8,"20,500","14,100","16,800",2021.03.05
4,(선)깐굴,삼천포,소,box,93,2.0,"13,100","12,200","12,700",2021.03.05
5,(선)깐굴,통영,소,box,163,1.9,"19,800","14,100","16,200",2021.03.05
6,(선)깐굴,여수,중,box,12,1.9,"11,500","11,500","11,500",2021.03.05
7,(선)깐굴,삼천포,소,box,40,2.7,"24,300","24,300","24,300",2021.03.05
8,(선)깐굴,통영,소,box,38,1.7,"13,300","13,300","13,300",2021.03.05
9,(선)깐굴,삼천포,소,box,90,3.0,"25,300","15,200","23,800",2021.03.05
10,(선)깐굴,삼천포,소,box,12,1.8,"12,000","12,000","12,000",2021.03.05
11,(가공)봉굴,통영,대,box,3,10.0,"23,300","23,300","23,300",2021.03.05
0,(선)깐굴,삼천포,소,box,50,2.8,"27,100","27,100","27,100",2021.03.06
1,(선)깐굴,삼천포,소,box,117,2.9,"28,100","26,700","27,400",2021.03.06
2,(선)깐굴,사천,소,box,36,2.9,"28,600","28,600","28,600",2021.03.06
3,(선)깐굴,통영,소,box,104,1.8,"19,000","16,000","17,300",2021.03.06
4,(선)깐굴,사천,소,box,39,1.9,"19,300","17,600","18,700",2021.03.06
5,(선)깐굴,삼천포,소,box,109,2.0,"17,200","16,000","16,700",2021.03.06
6,(선)깐굴,통영,소,box,217,1.9,"20,600","16,300","17,800",2021.03.06
7,(선)깐굴,통영,소,box,85,1.7,"18,800","18,000","18,400",2021.03.06
8,(선)깐굴,삼천포,소,box,4,3.0,"17,000","17,000","17,000",2021.03.06
9,(선)깐굴,삼천포,소,box,22,1.8,"17,000","17,000","17,000",2021.03.06
10,(선)깐굴,여수,소,box,15,1.8,"13,100","13,100","13,100",2021.03.06
11,(선)깐굴,통영,소,box,40,2.0,"16,600","16,600","16,600",2021.03.06
12,(활)바위굴,여수,중,그물망,11,10.0,"13,000","13,000","13,000",2021.03.06
13,(가공)봉굴,통영,대,box,3,10.0,"26,000","25,600","25,700",2021.03.06
0,(선)깐굴,삼천포,소,box,60,2.8,"29,000","26,000","28,200",2021.03.08
1,(선)깐굴,삼천포,소,box,85,2.3,"16,000","15,800","15,900",2021.03.08
2,(선)깐굴,삼천포,소,box,49,1.9,"13,000","12,100","12,700",2021.03.08
3,(선)깐굴,사천,소,box,51,2.0,"15,500","14,500","14,900",2021.03.08
4,(선)깐굴,삼천포,소,box,42,2.9,"27,600","27,000","27,200",2021.03.08
5,(선)깐굴,사천,소,box,10,2.9,"28,900","28,900","28,900",2021.03.08
6,(선)깐굴,통영,소,box,337,1.8,"20,500","15,000","16,200",2021.03.08
7,(선)깐굴,사천,소,box,4,3.0,"19,100","19,100","19,100",2021.03.08
8,(선)깐굴,통영,소,box,12,1.6,"15,500","15,500","15,500",2021.03.08
9,(선)깐굴,삼천포,소,box,48,2.0,"12,200","12,200","12,200",2021.03.08
10,(선)깐굴,통영,소,box,217,1.9,"20,100","15,500","17,700",2021.03.08
11,(선)깐굴,통영,소,box,81,1.7,"16,800","16,600","16,700",2021.03.08
12,(선)깐굴,여수,소,box,20,2.0,"13,500","13,200","13,400",2021.03.08
13,(활)바위굴,여수,중,그물망,21,10.0,"8,800","8,500","8,600",2021.03.08
14,(가공)봉굴,통영,대,box,3,10.0,"28,000","26,600","27,100",2021.03.08
0,(선)깐굴,삼천포,소,box,28,1.9,"13,000","13,000","13,000",2021.03.09
1,(선)깐굴,사천,소,box,18,2.0,"14,000","14,000","14,000",2021.03.09
2,(선)깐굴,통영,소,box,6,3.0,"3,000","3,000","3,000",2021.03.09
3,(선)깐굴,삼천포,소,box,100,2.9,"26,600","26,000","26,300",2021.03.09
4,(선)깐굴,통영,소,box,100,1.8,"15,600","14,600","15,000",2021.03.09
5,(선)깐굴,여수,소,box,15,1.9,"11,500","11,500","11,500",2021.03.09
6,(선)깐굴,사천,소,box,20,3.0,"27,200","22,300","24,800",2021.03.09
7,(선)깐굴,삼천포,소,box,67,2.0,"16,500","12,200","15,500",2021.03.09
8,(선)깐굴,통영,소,box,410,1.9,"21,000","11,100","15,800",2021.03.09
9,(선)깐굴,삼천포,소,box,2,3.0,"14,100","14,100","14,100",2021.03.09
10,(선)깐굴,통영,소,box,50,2.0,"14,100","14,100","14,100",2021.03.09
11,(활)바위굴,여수,중,그물망,20,10.0,"6,600","5,000","5,900",2021.03.09
12,(가공)봉굴,통영,대,box,2,10.0,"25,700","25,700","25,700",2021.03.09
0,(선)깐굴,통영,소,box,232,1.8,"21,000","14,200","16,700",2021.03.10
1,(선)깐굴,삼천포,소,box,28,2.0,"14,200","14,200","14,200",2021.03.10
2,(선)깐굴,통영,소,box,236,1.9,"15,500","13,600","14,800",2021.03.10
3,(선)깐굴,삼천포,소,box,100,3.0,"25,200","24,300","24,800",2021.03.10
4,(선)깐굴,삼천포,소,box,30,1.8,"17,000","16,000","16,500",2021.03.10
5,(선)깐굴,여수,소,box,20,1.8,"12,200","12,200","12,200",2021.03.10
6,(선)깐굴,마산,소,box,22,1.9,"18,000","17,700","17,900",2021.03.10
7,(활)바위굴,여수,중,그물망,2,10.0,"6,500","6,500","6,500",2021.03.10
8,(가공)봉굴,통영,대,box,3,10.0,"28,000","27,800","27,900",2021.03.10
0,(선)깐굴,삼천포,소,box,36,1.9,"13,000","12,000","12,700",2021.03.11
1,(선)깐굴,사천,소,box,16,2.0,"18,200","18,000","18,100",2021.03.11
2,(선)깐굴,삼천포,소,box,45,2.9,"24,500","24,000","24,100",2021.03.11
3,(선)깐굴,통영,소,box,277,1.8,"15,600","11,100","13,700",2021.03.11
4,(선)깐굴,사천,소,box,2,3.0,"15,000","15,000","15,000",2021.03.11
5,(선)깐굴,삼천포,소,box,41,2.0,"12,800","12,300","12,400",2021.03.11
6,(선)깐굴,통영,소,box,257,1.9,"18,500","13,500","15,300",2021.03.11
7,(선)깐굴,삼천포,소,box,55,3.0,"24,600","20,000","23,700",2021.03.11
8,(선)깐굴,삼천포,소,box,12,1.8,"14,000","14,000","14,000",2021.03.11
9,(선)깐굴,여수,소,box,20,1.8,"9,500","9,500","9,500",2021.03.11
10,(가공)봉굴,통영,대,box,3,10.0,"20,000","20,000","20,000",2021.03.11
0,(선)깐굴,삼천포,소,box,30,2.9,"27,100","26,500","26,700",2021.03.12
1,(선)깐굴,통영,소,box,162,1.8,"16,700","13,200","14,900",2021.03.12
2,(선)깐굴,삼천포,소,box,43,2.0,"13,700","13,500","13,600",2021.03.12
3,(선)깐굴,통영,소,box,203,1.9,"14,500","13,000","14,100",2021.03.12
4,(선)깐굴,통영,소,box,30,1.7,"12,200","12,200","12,200",2021.03.12
5,(선)깐굴,삼천포,소,box,24,1.7,"13,700","13,500","13,600",2021.03.12
6,(선)깐굴,삼천포,소,box,51,3.0,"26,200","15,500","23,700",2021.03.12
7,(선)깐굴,여수,소,box,10,1.8,"11,200","11,200","11,200",2021.03.12
8,(선)깐굴,통영,소,box,9,2.0,"18,000","17,200","17,300",2021.03.12
9,(가공)봉굴,통영,대,box,3,10.0,"26,100","26,100","26,100",2021.03.12
0,(선)깐굴,삼천포,소,box,1,2.8,"16,000","16,000","16,000",2021.03.13
1,(선)깐굴,삼천포,소,box,57,1.9,"12,700","12,500","12,600",2021.03.13
2,(선)깐굴,여수,소,box,25,1.7,"11,600","11,600","11,600",2021.03.13
3,(선)깐굴,통영,소,box,216,1.8,"15,500","12,200","14,200",2021.03.13
4,(선)깐굴,통영,소,box,185,1.9,"18,000","14,200","15,200",2021.03.13
5,(선)깐굴,삼천포,소,box,122,3.0,"25,600","16,600","22,400",2021.03.13
6,(선)깐굴,삼천포,소,box,28,1.8,"12,000","10,000","10,800",2021.03.13
7,(선)깐굴,통영,소,box,78,2.0,"18,000","14,500","15,300",2021.03.13
0,(선)깐굴,삼천포,소,box,48,1.9,"16,200","13,000","13,900",2021.03.15
1,(선)깐굴,통영,소,box,323,1.8,"19,000","13,500","15,700",2021.03.15
2,(선)깐굴,통영,소,box,160,1.9,"18,800","16,000","17,000",2021.03.15
3,(선)깐굴,삼천포,소,box,44,3.0,"18,200","18,200","18,200",2021.03.15
4,(선)깐굴,여수,소,box,25,1.8,"12,200","12,000","12,100",2021.03.15
5,(가공)봉굴,통영,대,box,3,10.0,"27,000","26,800","26,900",2021.03.15
0,(선)깐굴,삼천포,소,box,16,2.9,"20,000","20,000","20,000",2021.03.16
1,(선)깐굴,통영,소,box,246,1.8,"18,100","15,000","16,700",2021.03.16
2,(선)깐굴,삼천포,소,box,30,2.0,"17,200","15,200","15,900",2021.03.16
3,(선)깐굴,통영,소,box,179,1.9,"20,000","16,600","18,100",2021.03.16
4,(선)깐굴,통영,소,box,30,1.7,"16,800","16,500","16,600",2021.03.16
5,(선)깐굴,여수,소,box,21,1.8,"12,500","12,500","12,500",2021.03.16
6,(선)깐굴,통영,소,box,43,2.0,"17,000","16,600","16,700",2021.03.16
7,(선)깐굴,삼천포,소,box,1,4.1,"12,000","12,000","12,000",2021.03.16
8,(가공)봉굴,통영,대,box,3,10.0,"26,200","26,200","26,200",2021.03.16
0,(선)깐굴,삼천포,소,box,25,2.9,"21,500","15,500","21,300",2021.03.17
1,(선)깐굴,통영,소,box,285,1.8,"20,000","15,600","17,200",2021.03.17
2,(선)깐굴,여수,소,box,24,1.9,"12,800","12,800","12,800",2021.03.17
3,(선)깐굴,삼천포,소,box,41,2.0,"17,000","16,000","16,500",2021.03.17
4,(선)깐굴,통영,소,box,238,1.9,"16,300","15,100","16,000",2021.03.17
5,(선)깐굴,삼천포,소,box,11,1.8,"18,000","18,000","18,000",2021.03.17
6,(선)깐굴,통영,소,box,45,2.0,"16,500","16,500","16,500",2021.03.17
7,(가공)봉굴,통영,대,box,2,10.0,"25,200","22,000","23,600",2021.03.17
0,(선)깐굴,통영,소,box,311,1.8,"18,600","13,500","14,800",2021.03.18
1,(선)깐굴,여수,소,box,22,3.0,"10,000","10,000","10,000",2021.03.18
2,(선)깐굴,삼천포,소,box,33,2.0,"18,000","16,600","17,000",2021.03.18
3,(선)깐굴,통영,소,box,140,1.9,"15,100","12,000","13,500",2021.03.18
4,(선)깐굴,삼천포,소,box,18,3.0,"21,300","17,100","20,100",2021.03.18
5,(선)깐굴,통영,소,box,180,2.0,"15,500","13,600","14,400",2021.03.18
6,(선)깐굴,삼천포,소,box,2,4.2,"15,200","15,200","15,200",2021.03.18
7,(가공)봉굴,통영,대,box,2,10.0,"28,000","26,600","27,300",2021.03.18
0,(선)깐굴,삼천포,소,box,19,1.9,"18,600","16,000","16,800",2021.03.19
1,(선)깐굴,삼천포,소,box,3,2.9,"12,000","12,000","12,000",2021.03.19
2,(선)깐굴,통영,소,box,369,1.8,"18,000","10,500","12,900",2021.03.19
3,(선)깐굴,여수,소,box,25,1.9,"9,000","9,000","9,000",2021.03.19
4,(선)깐굴,삼천포,소,box,27,2.0,"18,500","18,500","18,500",2021.03.19
5,(선)깐굴,통영,소,box,80,1.9,"12,500","11,000","12,100",2021.03.19
6,(선)깐굴,삼천포,소,box,22,3.0,"19,000","18,100","18,300",2021.03.19
7,(선)깐굴,통영,소,box,108,2.0,"13,500","11,000","12,400",2021.03.19
8,(가공)봉굴,통영,대,box,3,10.0,"26,100","26,100","26,100",2021.03.19
0,(선)깐굴,삼천포,소,box,34,1.9,"16,100","12,600","14,200",2021.03.20
1,(선)깐굴,통영,소,box,268,1.8,"18,000","12,200","13,900",2021.03.20
2,(선)깐굴,여수,소,box,20,1.9,"11,200","11,200","11,200",2021.03.20
3,(선)깐굴,삼천포,소,box,37,2.0,"16,600","13,100","14,000",2021.03.20
4,(선)깐굴,통영,소,box,15,1.7,"18,500","18,100","18,200",2021.03.20
5,(선)깐굴,삼천포,소,box,14,3.0,"19,200","19,200","19,200",2021.03.20
6,(선)깐굴,삼천포,소,box,2,3.5,"13,000","13,000","13,000",2021.03.20
7,(가공)봉굴,통영,대,box,3,10.0,"28,000","27,500","27,700",2021.03.20
0,(선)깐굴,삼천포,소,box,15,1.9,"17,600","15,000","16,000",2021.03.22
1,(선)깐굴,통영,소,box,205,1.8,"19,100","15,000","16,600",2021.03.22
2,(선)깐굴,여수,소,box,13,1.9,"12,500","12,500","12,500",2021.03.22
3,(선)깐굴,삼천포,소,box,36,2.0,"15,200","13,200","13,900",2021.03.22
4,(선)깐굴,통영,소,box,138,1.9,"19,000","15,000","16,100",2021.03.22
5,(선)깐굴,통영,소,box,12,1.7,"15,600","15,600","15,600",2021.03.22
6,(선)깐굴,삼천포,소,box,11,3.0,"22,000","21,600","21,800",2021.03.22
7,(선)깐굴,통영,소,box,43,2.0,"16,000","15,500","15,700",2021.03.22
0,(선)깐굴,삼천포,소,box,13,1.9,"14,100","14,000","14,100",2021.03.23
1,(선)깐굴,통영,소,box,106,1.8,"19,000","13,600","15,400",2021.03.23
2,(선)깐굴,여수,소,box,25,1.9,"12,200","12,200","12,200",2021.03.23
3,(선)깐굴,삼천포,소,box,32,2.0,"14,200","12,600","13,200",2021.03.23
4,(선)깐굴,통영,소,box,294,1.9,"18,300","14,200","15,500",2021.03.23
5,(선)깐굴,삼천포,소,box,10,3.0,"19,000","19,000","19,000",2021.03.23
6,(가공)봉굴,통영,대,box,3,10.0,"26,300","26,300","26,300",2021.03.23
0,(선)깐굴,통영,소,box,76,1.8,"13,500","13,100","13,400",2021.03.24
1,(선)깐굴,삼천포,소,box,35,2.0,"13,000","12,500","12,600",2021.03.24
2,(선)깐굴,통영,소,box,219,1.9,"16,700","13,000","14,400",2021.03.24
3,(선)깐굴,통영,소,box,139,1.7,"19,500","13,000","15,300",2021.03.24
4,(선)깐굴,여수,소,box,30,2.0,"11,200","11,200","11,200",2021.03.24
5,(선)깐굴,통영,소,box,13,1.3,"12,300","12,300","12,300",2021.03.24
6,(가공)봉굴,통영,대,box,3,10.0,"25,500","21,000","22,500",2021.03.24
0,(선)깐굴,통영,소,box,85,1.8,"12,600","12,300","12,400",2021.03.25
1,(선)깐굴,통영,소,box,100,1.9,"14,600","13,100","14,100",2021.03.25
2,(선)깐굴,통영,소,box,58,1.7,"14,300","13,500","13,800",2021.03.25
3,(선)깐굴,여수,소,box,30,2.0,"12,200","11,500","11,900",2021.03.25
4,(선)깐굴,삼천포,소,box,27,1.8,"14,100","13,000","13,500",2021.03.25
5,(선)깐굴,통영,소,box,240,2.0,"16,500","12,500","14,000",2021.03.25
6,(활)바위굴,여수,중,그물망,15,10.0,"10,500","9,500","9,800",2021.03.25
7,(가공)봉굴,통영,대,box,3,10.0,"22,800","22,800","22,800",2021.03.25
0,(선)깐굴,통영,소,box,245,1.8,"15,000","11,000","13,200",2021.03.26
1,(선)깐굴,여수,소,box,23,1.9,"11,000","11,000","11,000",2021.03.26
2,(선)깐굴,통영,소,box,40,1.9,"13,500","13,500","13,500",2021.03.26
3,(선)깐굴,통영,소,box,60,1.7,"15,700","12,300","13,500",2021.03.26
4,(선)깐굴,통영,소,box,46,2.0,"18,000","12,000","15,400",2021.03.26
5,(가공)봉굴,통영,대,box,3,10.0,"22,300","22,300","22,300",2021.03.26
0,(선)깐굴,삼천포,소,box,23,1.9,"13,300","13,000","13,100",2021.03.27
1,(선)깐굴,통영,소,box,101,1.8,"13,600","11,700","12,500",2021.03.27
2,(선)깐굴,삼천포,소,box,3,2.0,"10,000","10,000","10,000",2021.03.27
3,(선)깐굴,통영,소,box,164,1.9,"13,500","11,800","12,700",2021.03.27
4,(선)깐굴,통영,소,box,100,1.7,"14,700","14,500","14,500",2021.03.27
5,(선)깐굴,여수,소,box,30,2.0,"10,000","9,700","9,700",2021.03.27
6,(선)깐굴,삼천포,소,box,4,1.8,"15,300","15,300","15,300",2021.03.27
7,(선)깐굴,통영,소,box,63,2.0,"17,000","12,300","15,000",2021.03.27
8,(가공)봉굴,통영,대,box,3,10.0,"27,000","23,100","24,400",2021.03.27
0,(선)깐굴,통영,소,box,261,1.8,"16,500","12,800","14,200",2021.03.29
1,(선)깐굴,통영,소,box,82,1.9,"18,000","12,600","15,700",2021.03.29
2,(선)깐굴,통영,소,box,35,1.7,"13,300","13,200","13,200",2021.03.29
3,(선)깐굴,여수,소,box,11,2.0,"11,200","11,200","11,200",2021.03.29
4,(가공)봉굴,통영,대,box,2,10.0,"26,500","26,000","26,300",2021.03.29
0,(선)깐굴,통영,소,box,20,2.9,"18,200","17,200","17,700",2021.03.30
1,(선)깐굴,삼천포,소,box,6,1.9,"15,100","15,100","15,100",2021.03.30
2,(선)깐굴,통영,소,box,275,1.8,"18,200","13,500","14,700",2021.03.30
3,(선)깐굴,통영,소,box,120,1.9,"17,300","14,500","16,100",2021.03.30
4,(선)깐굴,여수,소,box,25,2.0,"12,000","12,000","12,000",2021.03.30
5,(가공)봉굴,통영,대,box,4,10.0,"24,000","21,000","21,800",2021.03.30
0,(선)깐굴,통영,소,box,273,1.8,"16,600","13,500","14,600",2021.03.31
1,(선)깐굴,삼천포,소,box,16,2.0,"14,800","14,200","14,400",2021.03.31
2,(선)깐굴,통영,소,box,109,1.9,"18,000","13,500","14,700",2021.03.31
3,(선)깐굴,통영,소,box,43,1.7,"13,600","12,800","13,200",2021.03.31
4,(선)깐굴,여수,소,box,27,2.0,"9,000","9,000","9,000",2021.03.31
5,(선)깐굴,통영,소,box,5,2.0,"13,000","13,000","13,000",2021.03.31
6,(활)바위굴,태안,중,그물망,19,10.0,"3,200","3,200","3,200",2021.03.31
7,(가공)봉굴,통영,대,box,2,10.0,"25,000","23,300","24,200",2021.03.31
0,(선)깐굴,통영,소,box,167,1.8,"18,000","12,000","13,800",2021.04.01
1,(선)깐굴,여수,소,box,26,1.9,"9,000","9,000","9,000",2021.04.01
2,(선)깐굴,통영,소,box,130,1.9,"13,500","10,800","12,300",2021.04.01
3,(선)깐굴,통영,소,box,53,1.7,"11,200","11,200","11,200",2021.04.01
4,(선)깐굴,통영,소,box,90,2.0,"13,800","11,600","13,100",2021.04.01
5,(선)깐굴,통영,소,box,10,2.8,"17,200","17,200","17,200",2021.04.01
6,(활)바위굴,통영,대,box,10,10.0,"7,500","7,500","7,500",2021.04.01
7,(가공)봉굴,통영,대,box,3,10.0,"23,300","23,300","23,300",2021.04.01
0,(선)깐굴,통영,소,box,187,1.8,"15,500","9,000","11,100",2021.04.02
1,(선)깐굴,삼천포,소,box,1,2.0,"6,200","6,200","6,200",2021.04.02
2,(선)깐굴,통영,소,box,169,1.9,"18,000","11,600","13,900",2021.04.02
3,(선)깐굴,통영,소,box,46,1.7,"10,000","8,000","8,400",2021.04.02
4,(선)깐굴,여수,소,box,20,2.0,"7,500","7,500","7,500",2021.04.02
5,(선)깐굴,삼천포,소,box,2,1.8,"14,100","14,100","14,100",2021.04.02
6,(선)깐굴,통영,소,box,10,2.8,"12,000","12,000","12,000",2021.04.02
7,(가공)봉굴,통영,대,box,3,10.0,"24,500","23,100","24,000",2021.04.02
0,(선)깐굴,통영,소,box,157,1.8,"16,000","6,100","9,600",2021.04.03
1,(선)깐굴,여수,소,box,20,1.9,"3,200","3,200","3,200",2021.04.03
2,(선)깐굴,통영,소,box,136,1.9,"11,000","7,000","9,400",2021.04.03
3,(선)깐굴,통영,소,box,12,1.7,"6,200","6,200","6,200",2021.04.03
4,(선)깐굴,여수,소,box,3,2.0,"3,200","3,200","3,200",2021.04.03
5,(선)깐굴,마산,소,box,11,1.9,"3,000","3,000","3,000",2021.04.03
6,(가공)봉굴,통영,대,box,1,10.0,"25,000","25,000","25,000",2021.04.03
0,(선)깐굴,삼천포,소,box,12,1.9,"13,100","13,000","13,100",2021.04.05
1,(선)깐굴,통영,소,box,108,1.8,"11,500","8,500","10,000",2021.04.05
2,(선)깐굴,통영,소,box,9,1.6,"9,000","9,000","9,000",2021.04.05
3,(선)깐굴,통영,소,box,10,1.9,"9,300","9,300","9,300",2021.04.05
4,(선)깐굴,통영,소,box,65,1.7,"12,600","8,600","10,200",2021.04.05
5,(선)깐굴,여수,소,box,20,1.8,"7,500","7,500","7,500",2021.04.05
6,(선)깐굴,통영,소,box,30,2.0,"11,000","9,000","9,900",2021.04.05
0,(선)깐굴,통영,소,box,88,1.8,"14,200","13,000","13,600",2021.04.06
1,(선)깐굴,삼천포,소,box,15,2.0,"13,600","13,200","13,400",2021.04.06
2,(선)깐굴,통영,소,box,10,1.9,"13,000","13,000","13,000",2021.04.06
3,(선)깐굴,통영,소,box,49,1.7,"18,000","12,000","14,400",2021.04.06
4,(선)깐굴,여수,소,box,21,1.8,"8,500","8,500","8,500",2021.04.06
5,(가공)봉굴,통영,대,box,2,10.0,"25,300","25,300","25,300",2021.04.06
0,(선)깐굴,통영,소,box,111,1.8,"15,700","13,200","14,400",2021.04.07
1,(선)깐굴,삼천포,소,box,7,2.0,"13,100","13,100","13,100",2021.04.07
2,(선)깐굴,통영,소,box,59,1.9,"14,500","13,000","13,500",2021.04.07
3,(선)깐굴,통영,소,box,20,1.7,"14,600","14,200","14,400",2021.04.07
4,(선)깐굴,여수,소,box,20,1.8,"8,100","8,100","8,100",2021.04.07
5,(선)깐굴,통영,소,box,20,2.0,"17,500","16,500","17,100",2021.04.07
6,(가공)봉굴,통영,대,box,3,10.0,"21,000","20,200","20,500",2021.04.07
0,(선)깐굴,통영,소,box,138,1.8,"17,500","16,200","16,700",2021.04.08
1,(선)깐굴,여수,소,box,21,1.9,"9,200","7,000","8,900",2021.04.08
2,(선)깐굴,통영,소,box,45,1.9,"18,000","15,200","16,100",2021.04.08
3,(선)깐굴,통영,소,box,10,1.7,"16,500","16,200","16,400",2021.04.08
4,(선)깐굴,통영,소,box,6,1.3,"11,000","11,000","11,000",2021.04.08
5,(선)깐굴,통영,소,box,30,2.0,"16,000","15,500","15,800",2021.04.08
6,(가공)봉굴,통영,대,box,3,10.0,"24,000","21,100","22,100",2021.04.08
